brand,car_model,datetime,desc,id,id_,problem,status,type,type_
东风启辰,启辰T60,2020-08-29,启辰T60多次电瓶亏电无法启动希望处理,,515601,"H146,",信息审核,,2018款 1.6L CVT 智悦版(ISS) 国VI
长安马自达,马自达3 昂克赛拉,2020-08-29,长安马自达昂克赛拉发动机变速箱漏油	,,515594,"A12,B22,E43,",信息审核,,2020款 1.5L 自动 质美版
一汽-大众,探岳,2020-08-29,一汽大众探岳油泵异响希望尽快得到处理,,515592,"H78,",信息审核,,2020款 330TSI 两驱 豪华智联版
一汽-大众奥迪,奥迪A4L,2020-08-29,一汽大众奥迪A4L中控屏背面漆面起泡,,515589,"H81,",信息审核,,2018款 2.0T 时尚型 30周年年型
吉利汽车,缤瑞,2020-08-29,吉利缤瑞仪表台异响 承诺洗车服务未兑现,,515577,"H93,L314,",信息审核,,2018款 14T CVT 缤纷版
一汽-大众,高尔夫,2020-08-29,一汽大众高尔夫车内异味越来越严重,,515559,"H185,",信息审核,,2014款 1.6L  手动 时尚型
北京现代,名图,2020-08-29,北京现代名图行驶中方向跑偏四轮定位未解决,,515543,"G117,",信息审核,,2017款 1.6T 自动 智能型 GLS
众泰汽车,云100,2020-08-29,众泰云100动力电池故障要求尽快解决,,515538,"H343,",信息审核,,2014款 云100 舒适型
东风日产,逍客,2020-08-29,东风日产逍客变速箱阀体损坏不予更换,,515537,"B96,B84,",信息审核,,2016款 2.0L CVT 精英版
上汽大众,朗逸,2020-08-29,上汽大众朗逸发动机水泵处漏油要求解决,,515535,"A12,",信息审核,,2013款 1.6L 自动 舒适版 改款
广汽丰田,凯美瑞,2020-08-29,广汽丰田凯美瑞发动机漏防冻液要求解决,,515534,"A37,",信息审核,,2018款 2.5G 自动 豪华版
东风悦达起亚,起亚K2,2020-08-29,起亚K2发动机加速异响4S店无法解决,,515533,"A9,J298,J301,",信息审核,,2017款 1.4L 自动 GLS 三厢
一汽丰田,RAV4荣放,2020-08-29,一汽丰田RAV4荣放打方向卡顿有异响,,515532,"D59,D123,",信息审核,,2015款 2.0L CVT 两驱都市版
一汽-大众,C-TREK蔚领,2020-08-29,一汽大众蔚领冷车启动发动机有异响,,515525,"A9,",信息审核,,2018款 1.5L 自动 舒适型
长安跨越,跨越者D5,2020-08-29,长安跨越者D5倒车镜松动变速箱挂挡不顺畅,,515523,"B184,D156,H168,H211,",信息审核,,2019款 1.8L PLUS标准型 排半后双轮 标准货箱
东风日产,骐达TIIDA,2020-08-29,东风日产骐达电瓶亏电要求尽快解决,,515521,"H146,H170,",信息审核,,2021款 1.6L CVT 智行版
广汽乘用车,传祺GA4,2020-08-29,广汽传祺GA4变速箱漏油4S店不给解决,,515520,"B22,I295,I294,",信息审核,,2018款 150N 自动 豪华版
东风裕隆,优6 SUV,2020-08-29,纳智捷优6 SUV转向轴再次漏油要求处理,,515518,"G51,N317,",信息审核,,2016款 1.8T 时尚升级型
华晨宝马,宝马3系,2020-08-29,华晨宝马3系新车提车时前杠有剐蹭痕迹,,515517,"I295,K307,",信息审核,,2020款 330Li xDrive M运动曜夜套装
北京现代,悦动,2020-08-29,北京现代悦动发动机无法识别启动信号,,515516,"B184,",信息审核,,2018款 1.6L 自动 悦目版 GL 国V
东风启辰,启辰D60,2020-08-29,启辰D60底盘零件大面积生锈望厂家解决,,515508,"H79,I297,",信息审核,,2019款 1.6L XL CVT 智联精英版 国V
长城汽车,哈弗H6 Coupe,2020-08-29,哈弗H6 Coupe发动机异响 仪表台开裂,,515507,"A9,G56,H79,H176,H72,H90,I297,",信息审核,,2016款 1.5T 手动 两驱精英型
一汽-大众,速腾,2020-08-29,一汽大众速腾ABS传感器故障导致故障灯亮,,515506,"E74,",信息审核,,2015款 280TSI  自动 旗舰型
一汽-大众,速腾,2020-08-29,一汽大众速腾韩泰轮胎有开裂希望厂家处理,,515505,"F100,",信息审核,,2018款 280TSI DSG熠动版
广汽本田,飞度,2020-08-29,广汽本田飞度冷车启动发动机严重异响,,515503,"A9,",信息审核,,2014款 1.5L CVT LX舒适型
东风悦达起亚,智跑,2020-08-29,起亚智跑变速箱无法挂入倒挡4S店无法解决,,515499,"B184,I295,J298,",信息审核,,2018款 2.0L 手动 时尚版
广汽乘用车,传祺GM8,2020-08-29,广汽传祺GM8车门异响4S店多次维修未解决,,515498,"H72,J298,",信息审核,,2020款 领航款 390T 尊享版
一汽丰田,卡罗拉,2020-08-29,一汽丰田卡罗拉仪表转速指针不动查不出原因,,515494,"H202,J301,",信息审核,,2019款 1.2T S-CVT GL-i精英版
东风雪铁龙,雪铁龙C4L,2020-08-29,东风雪铁龙C4L发动机烧机油望厂家处理,,515493,"A63,",信息审核,,2013款 1.6THP 自动 劲智版
广汽本田,飞度,2020-08-29,广汽本田飞度转向卡滞变速箱顿挫要求解决,,515491,"B19,D123,D156,",信息审核,,2004款 两厢飞度 1.5 AT CVT
上汽大众,途观L,2020-08-29,上汽大众途观L天窗和A柱漏水希望厂家解决,,515490,"H109,H90,",信息审核,,2019款 330TSI 自动 两驱 R-Line旗舰版 国VI
东风日产,天籁,2020-08-29,东风日产天籁转向机漏油4S店不予质保,,515488,"D58,I297,",信息审核,,2016款 2.0L XL 舒适版 改款
广汽三菱,欧蓝德,2020-08-29,广汽三菱欧蓝德变速箱漏油希望厂家处理,,515486,"B22,",信息审核,,2019款 2.0L 两驱 畅享版 5座 国V
上汽大众,途观L新能源,2020-08-29,上汽大众途观L新能源漆面有伤希望厂家解决,,515484,"H81,",信息审核,,2020款 430PHEV 插电混动旗舰版
东风标致,标致508,2020-08-29,东风标致508车内异味严重希望尽快解决,,515482,"H185,",信息审核,,2012款 2.0L 自动 智享版
一汽解放,解放J6P,2020-08-29,一汽解放J6F发动机加速无力油耗高,,515481,"A163,A85,",信息审核,,2020款质惠2.0 460马力
东风标致,标致408,2020-08-29,东风标致408发动机无法启动空调压缩机抱死 ,,515479,"A44,H101,H243,",信息审核,,2015款 1.2T 自动 豪华版
长安马自达,马自达CX-30,2020-08-29,长安马自达CX-30购车时4S店变相收取费用,,515475,"K307,K308,",信息审核,,2020款 2.0L 自动 雅悦型
东风日产,天籁,2020-08-29,东风日产天籁智联App无法使用,,515474,"H155,",信息审核,,2020款 2.0L XL Upper 智行版
一汽吉林,森雅R7,2020-08-29,一汽吉林森雅R7发动机抖动异响噪音大,,515469,"A9,A24,A38,",信息审核,,2017款 1.6L 自动 智能型
上汽集团,名爵3,2020-08-29,上汽名爵3离合器时好时坏车辆无法行驶,,515467,"C267,",厂家受理,,2011款 1.3 手动 舒适版
一汽-大众,高尔夫,2020-08-29,一汽大众高尔夫大灯发白影响夜晚行车安全,,515465,"H82,",信息审核,,2019款 280TSI DSG R-Line型 国V
北京现代,领动,2020-08-29,北京现代领动转向沉重有异响车身多处生锈,,515459,"D59,D156,H79,",信息审核,,2018款 1.6L 自动 15周年特别版
一汽-大众,迈腾,2020-08-29,一汽大众迈腾车内异味严重要求厂家解决,,515457,"H185,",信息审核,,2016款 1.8TSI 智享领先型
上汽大众,途观L,2020-08-29,上汽大众途观L天窗漏水严重4S店不予解决,,515454,"H90,I295,M284,",信息审核,,2017款 330TSI 两驱 旗舰版
一汽-大众,高尔夫,2020-08-29,一汽大众高尔夫韩泰轮胎开裂4S店不保修,,515451,"F100,I297,",信息审核,,2020款 200TSI DSG 舒适型
东风标致,标致408,2020-08-29,东风标致408发动机启动时异响4S店不保修,,515448,"A9,A45,I297,",信息审核,,2016款 1.6T 自动 豪华版
北汽新能源,北汽新能源EU,2020-08-29,北汽新能源EU刹车失灵4S店不予保修,,515447,"E29,E196,I297,",信息审核,,2017款 EU260 乐途plus版
一汽-大众奥迪,奥迪A6L,2020-08-29,一汽大众奥迪A6L转向机卡滞4S店不保修,,515444,"D123,D265,I281,",信息审核,,2016款 30 FSI CVT 舒适型
上汽通用五菱,宝骏530,2020-08-29,宝骏530行驶中变速箱脱挡希望尽快处理,,515443,"B246,",处理反馈,,2018款 1.5T 手动 豪华型 国V
一汽丰田,RAV4荣放,2020-08-29,一汽丰田RAV4荣放方向盘不回正车内异响,,515439,"G117,G225,H164,H209,",信息审核,,2020款 2.0L CVT 两驱 风尚版
北京越野,北京BJ40,2020-08-29,北京BJ40转向机和前桥损坏厂家不予保修,,515438,"D265,G158,I295,I297,",信息审核,,2019款 PLUS 2.3T 手动 四驱 尊贵版 国VI
上汽大众,朗逸,2020-08-29,上汽大众朗逸车内异响4S店多次维修未解决,,515435,"H164,J298,J301,",信息审核,,2019款 1.5L 自动 视野版 国VI
广汽本田,皓影,2020-08-29,广汽本田皓影前杠两侧裂开要求解决,,515434,"H168,",信息审核,,2020款 240TURBO CVT 两驱 尊贵版
长安跨越,跨越者D5,2020-08-29,长安跨越D5发动机故障灯报警要求解决,,515433,"A34,H168,I295,",信息审核,,2019款 1.8L 舒适型 单排后双轮 标准货箱
东风标致,标致408,2020-08-29,东风标致408轮毂氧化腐蚀要求解决,,515427,"H243,",信息审核,,2014款 1.6T 自动 至尊版
东风雷诺,科雷缤,2020-08-29,东风雷诺科雷缤承诺免流量10年不兑现,,515426,"L313,",信息审核,,2019款 TCe270 自动 劲擎型
华晨宝马,宝马X3,2020-08-29,华晨宝马X3行驶中颠簸晃动售后未解决问题,,515421,"G204,G162,I295,",信息审核,,2019款 xDrive28i 豪华套装
东风乘用车,风神AX7,2020-08-29,东风风神AX7发动机异响 半轴球笼损坏,,515418,"A9,G227,I295,",信息审核,,2020款 1.6T 自动 AI领航型 国VI
北京现代,菲斯塔,2020-08-29,北京现代菲斯塔天窗异响转向沉重要求解决,,515409,"D59,H89,I295,",信息审核,,2019款 280TGDi 运动版 国V
广汽本田,雅阁,2020-08-29,广汽本田雅阁前机盖碰撞设计不合理,,515408,"Q322,",信息审核,,2018款 260TURBO 精英版 国V
东风标致,标致408,2020-08-29,东风标致408涡轮增压器异响厂家不予保修,,515406,"A9,A189,I297,",信息审核,,2018款 350THP 自动 豪华版
东风日产,轩逸,2020-08-29,东风日产轩逸发动机启停故障要求厂家解决,,515405,"H263,I295,",信息审核,,2020款 改款 1.6L XL CVT 智享版
众泰汽车,众泰T300,2020-08-29,众泰T300行驶中发动机抖动转向机异响,,515404,"A24,D59,H197,N318,",信息审核,,2017款 1.5T 手动 尊贵型
宝马（进口）,宝马X5,2020-08-29,宝马X5前置雷达与行人辅助故障无法使用,,515403,"H170,H289,J298,O348,",信息审核,,2019款 xDrive40i 尊享型 M运动套装
众泰汽车,大迈X7,2020-08-29,众泰大迈X7底盘和车身有大面积生锈现象,,515401,"H79,I293,",信息审核,,2017款 1.8T 手动 豪华型
长安马自达,马自达3 昂克赛拉,2020-08-29,长安马自达昂克赛拉中控屏开胶厂家拒赔,,515400,"H168,I297,",信息审核,,2016款 1.5L 自动 尊贵型 三厢
东风日产,骐达TIIDA,2020-08-29,东风日产骐达车机花屏电瓶亏电要求解决,,515399,"H134,H146,",信息审核,,2021款 1.6L CVT 智行版
一汽-大众,迈腾,2020-08-29,一汽大众迈腾车身漏水严重刹车踏板异响,,515397,"E43,H109,",信息审核,,2020款 330TSI DSG 豪华型
东风日产,奇骏,2020-08-29,东风日产奇骏雨刮器位置偏差4S店不解决,,515390,"H60,I295,I293,",信息审核,,2020款 2.0L XE CVT 2WD 时尚版
BEIJING汽车,BEIJING-EU5,2020-08-29,北汽EU5行驶中刹车失灵造成车辆事故,,515389,"E29,",处理反馈,,2019款 R500 智风版
上汽大众,凌渡,2020-08-29,上汽大众凌渡变速箱机电单元故障要求解决,,515388,"B96,B115,I297,",信息审核,,2015款 230TSI DSG  风尚版
东风本田,INSPIRE,2020-08-29,东风本田INSPIRE转向机异响要求厂家解决,,515387,"D59,",处理反馈,,2019款 锐·混动 2.0L 净尚版 国VI
江淮汽车,嘉悦A5,2020-08-29,江淮嘉悦A5空调按键失灵 方向盘饰板脱落,,515385,"H101,H168,",信息审核,,2020款 1.5T 手动 精英型
东风日产,逍客,2020-08-29,东风日产逍客变速箱无法加速4S店不予保修,,515384,"B334,I297,",信息审核,,2016款 2.0L CVT 豪华版
一汽-大众奥迪,奥迪A4L,2020-08-29,一汽大众奥迪A4L尾灯开裂厂家不予保修,,515380,"H220,I297,",信息审核,,2019款 40 TFSI 时尚型 国V
长城汽车,哈弗F5,2020-08-29,哈弗F5变速箱抖动严重希望给予解决,,515377,"B95,",处理反馈,,2018款 1.5T i潮版
广汽丰田,凯美瑞,2020-08-29,广汽丰田凯美瑞刹车盘轴承生锈要求解决,,515376,"E42,",信息审核,,2018款 2.5G 自动 豪华版
长安汽车,长安CS85 COUPE,2020-08-29,长安CS85 COUPE发动机异响 底盘异响,,515374,"A9,G56,",信息审核,,2019款 1.5T DCT 品版 国VI
北京现代,胜达,2020-08-29,北京现代胜达转向柱异响厂家没有配件,,515371,"D59,N318,",信息审核,,2019款 380 TGDi DLX 自动 两驱 智尊版 国V
吉利汽车,帝豪GS,2020-08-29,吉利帝豪GS大灯灯眉发黄4S店不予解决,,515370,"H82,I297,",信息审核,,2016款 1.3T 自动 领尚型 运动版
华晨鑫源,小海狮X30,2020-08-29,金杯小海狮X30刹车失灵要求尽快解决,,515369,"E29,",信息审核,,2018款 1.3L 标准型 DLCG12
比亚迪,比亚迪G5,2020-08-29,比亚迪G5中控蓝屏失灵要求尽快解决,,515364,"H134,",处理反馈,,2014款 1.5TID 自动 旗舰型
奇瑞汽车,捷途X70,2020-08-29,捷途X70发动机抖动怠速不稳 前悬挂异响,,515362,"A24,A35,G56,",处理反馈,,2018款 1.5T 自动 悦行版
一汽大众,捷达VS7,2020-08-29,捷达VS7发动机加速异响变速箱顿挫,,515361,"A9,B19,",信息审核,,2020款 1.4T 自动 悦享型
广汽丰田,雷凌双擎E+,2020-08-29,广汽丰田雷凌双擎E+车载互联数据错误,,515358,"H155,",信息审核,,2019款 1.8PH GS E-CVT 精英天窗版
一汽丰田,RAV4荣放,2020-08-29,一汽丰田rav4荣放右前侧半轴防尘套漏油,,515356,"G161,",信息审核,,2015款 2.0L CVT 两驱都市版
长安马自达,马自达3 昂克赛拉,2020-08-29,长安马自达昂克赛拉安全气囊故障报警,,515355,"H103,",信息审核,,2020款 2.0L 自动 质雅版
一汽-大众,探岳,2020-08-29,一汽大众探岳大灯透镜发白影响照明,,515354,"H82,I282,",信息审核,,2019款 330TSI 两驱 豪华型 国Ⅵ
广汽菲克菲亚特,菲翔,2020-08-29,广汽菲亚特菲翔变速箱故障导致无法挂挡,,515350,"B20,B96,B334,",信息审核,,2015款 1.4T 自动 劲享版
众泰汽车,众泰T600 Coupe,2020-08-29,众泰T600 Coupe中控导航系统黑屏无法开机,,515348,"H134,I294,",信息审核,,2017款 1.5T 手动 豪华型
长安马自达,马自达3 昂克赛拉,2020-08-29,长安马自达昂克赛拉固特异轮胎开裂,,515347,"F100,",信息审核,,2017款 1.5L 自动 舒适型 三厢 国V
北京现代,领动,2020-08-29,北京现代领动空调风口损坏4S店否认质量问题,,515344,"H101,I292,",信息审核,,2019款 1.5L CVT 智炫·精英型
雷克萨斯,雷克萨斯ES,2020-08-29,雷克萨斯ES中控仪表台开裂粘手异味,,515341,"H185,H176,",信息审核,,2007款 ES350 3.5 AT/MT 标准版 增配型
一汽-大众,高尔夫,2020-08-29,一汽大众高尔夫ABS泵故障服务态度恶劣,,515338,"E74,I293,I292,",信息审核,,2016款 1.6L  自动 时尚型
长安汽车,睿骋,2020-08-29,长安睿骋车内一直存在异味 空调制冷效果差,,515337,"H185,H101,",信息审核,,2014款 1.8T 自动 精英周年版 国IV
一汽大众,捷达VS7,2020-08-29,捷达VS7前风挡漏水 涡轮增压器生锈,,515333,"H79,H109,",信息审核,,2020款 1.4T 自动 荣耀型
上汽大众,途观,2020-08-29,上汽大众途观顶棚遮阳板天窗漏水望厂家处理,,515332,"H109,H90,",信息审核,,2016款 300TSI 自动 两驱 豪华版
北京现代,途胜,2020-08-29,北京现代途胜转向机异响 4S店不予索赔,,515325,"D59,I297,",信息审核,,2015款 1.6T   双离合 两驱 智能型
东风日产,轩逸,2020-08-29,东风日产轩逸中控屏幕黑屏厂家不给解决方案,,515323,"H134,I295,",信息审核,,2020款 1.6L XL CVT 智享版
东南汽车,东南DX3,2020-08-29,东南DX3离合器异响4S店维修后未解决,,515321,"C65,",信息审核,,2018款 1.5L 手动 尊贵型
东风日产,骐达TIIDA,2020-08-29,东风日产骐达TIIDA电瓶亏电导致无法启动,,515319,"H146,",信息审核,,2021款 1.6L CVT 智行版
东风日产,奇骏,2020-08-29,东风日产奇骏发动机及变速箱低速抖动,,515313,"A24,B19,B95,",信息审核,,2014款 2.0L XE CVT 两驱 时尚版
上汽大众,途观L,2020-08-29,上汽大众途观L行驶中后轮吃胎偏磨,,515305,"G245,I295,",信息审核,,2018款 330TSI 自动 两驱 舒适版
华晨宝马,宝马3系,2020-08-29,华晨宝马3系方向盘抖动希望厂家处理解决,,515304,"D80,I281,I292,",信息审核,,2019款 320Li M运动曜夜版
华晨宝马,宝马X3,2020-08-29,华晨宝马X3前悬挂异响希望厂家解决,,515302,"G52,I293,",信息审核,,2020款 xDrive30i 领先型 M运动套装
广汽丰田,凯美瑞,2020-08-29,广汽丰田凯美瑞发动机及变速箱故障报警,,515299,"A34,B96,",信息审核,,2019款 2.0S 锋尚版 国VI
广汽本田,缤智,2020-08-28,广汽本田缤智变速箱钢带断裂4S店不予解决,,515290,"B77,I297,",信息审核,,2015款 1.5L CVT 两驱舒适型
一汽大众,捷达VS5,2020-08-28,捷达VS5新车车窗玻璃升降异响无法关闭,,515288,"H67,",信息审核,,2019款 280TSI 手动 进取型
东风日产,轩逸,2020-08-28,东风日产轩逸发动机渗油影响正常使用,,515283,"A12,",信息审核,,2019款 1.6XE+ CVT 智联豪华版 经典
野马汽车,野马T80,2020-08-28,野马T80鸣笛喇叭不响 灯光接触不良,,515282,"H82,H151,I295,J301,N320,",处理反馈,,2017款 1.5T 手动 炫酷版
一汽红旗,红旗HS5,2020-08-28,红旗HS5行驶中发动机熄火 中控屏重启,,515277,"A14,E43,H134,H101,",信息审核,,2019款 2.0T 智联旗享版
长城汽车,哈弗H2s,2020-08-28,哈弗H2s变速箱异响要求尽快给予解决,,515276,"B33,J298,",用户评分,,2018款 1.5T 双离合 精英型 红标
东风标致,标致408,2020-08-28,东风标致408佳通轮胎胎面凹陷厂家不保修,,515273,"F92,I297,",信息审核,,2019款 360THP 自动 豪华版 国VI
广汽本田,雅阁,2020-08-28,广汽本田雅阁转向卡滞异响 车身不平,,515271,"D59,D123,D156,E43,G83,G225,H15,H93,",信息审核,,2018款 260TURBO 精英版 国VI
上汽大众,朗逸,2020-08-28,上汽大众朗逸车漆鼓包密封条开裂减配严重,,515269,"H81,H48,I294,Q350,",信息审核,,2017款 1.6L 自动 风尚版
北京现代,领动,2020-08-28,北京现代伊兰特转向沉重发动机无法提速,,515268,"A38,A160,D156,D154,G117,",信息审核,,2016款 1.6L 自动 智炫·精英型
领克汽车,领克03,2020-08-28,领克03车辆无法启动 中控屏不能显示,,515266,"H134,H146,H170,H253,",信息审核,,2020款 1.5TD DCT 劲Pro版
领克汽车,领克03,2020-08-28,领克03发动机和减震器异响4S店不予解决,,515263,"A9,G52,H168,H155,H88,I295,",信息审核,,2019款 1.5TD DCT 劲版 国VI
一汽丰田,卡罗拉,2020-08-28,一汽丰田卡罗拉变速箱顿挫4S店不予保修,,515261,"B19,I295,I297,I293,J298,",信息审核,,2017款 1.2T CVT GLX-i 改款
广汽丰田,凯美瑞,2020-08-28,广汽丰田凯美瑞半轴防尘套漏油要求解决,,515254,"G161,I297,",信息审核,,2016款 2.0G 自动 十周年纪念领先版
上汽通用五菱,五菱宏光,2020-08-28,五菱宏光车身生锈严重厂家不予解决,,515250,"H79,",处理反馈,,2013款 1.5L 豪华型L2B
广汽乘用车,传祺GS5,2020-08-28,广汽传祺GS5新车漆面损伤4S店不予解决,,515249,"M284,",信息审核,,2020款 进阶款 270T 自动 豪华版
郑州日产,风度MX5,2020-08-28,东风风度MX5变速箱无法摘挡4S店不保修,,515247,"B184,K307,",信息审核,,2016款 2.0L 手动 精英版
东风标致,标致408,2020-08-28,东风标致408召回维修后发动机烧机油严重,,515245,"A63,Q323,",信息审核,,2015款 1.2T 自动 豪华版
北汽新能源,EV系列,2020-08-28,北汽新能源EV系列空调压缩机多次故障,,515244,"H101,N318,N317,",处理反馈,,2016款 E150EV 经典版
广汽乘用车,传祺GA4,2020-08-28,广汽传祺GA4变速箱顿挫严重右前车门异响,,515242,"B19,H72,",信息审核,,2018款 200T 自动 尊享版
吉利汽车,帝豪GS,2020-08-28,吉利帝豪GS起步动力消失 变速箱换挡异响,,515241,"A255,B33,I295,I293,",信息审核,,2018款 1.8L 自动 优雅版 领尚型
一汽大众,捷达VS5,2020-08-28,捷达VS5涡轮增压器生锈 转向异响抖动,,515239,"A247,D59,D80,E43,H268,",信息审核,,2019款 280TSI 自动 进取型
一汽-大众,速腾,2020-08-28,一汽大众速腾变速箱机电控制单元故障,,515236,"B115,",信息审核,,2018款 280TSI 双离合 舒适型
东风日产,轩逸,2020-08-28,东风日产轩逸转向柱异响十分严重,,515235,"D59,H79,I297,",信息审核,,2012款 1.6L XE 手动 舒适版 经典
一汽丰田,亚洲龙,2020-08-28,一汽丰田亚洲龙下雨时发动机舱有泥浆,,515234,"Q322,",信息审核,,2019款 双擎 2.5L 豪华版 国Ⅵ
一汽-大众,迈腾,2020-08-28,一汽大众迈腾大灯亮度不足要求给予解决,,515228,"H82,",信息审核,,2018款 330TSI DSG 豪华型
路虎进口,揽胜运动版,2020-08-28,进口路虎揽胜运动版发动机漏防冻液,,515226,"A37,H134,",信息审核,,2020款 3.0 L6 HST
奇瑞汽车,艾瑞泽5,2020-08-28,奇瑞艾瑞泽5变速箱无法加速要求厂家解决,,515220,"B334,I295,J298,",信息审核,,2017款 1.5L CVT 领潮版
上汽大众,途岳,2020-08-28,上汽大众途岳4S店出售问题车辆不告知,,515219,"M284,",信息审核,,2020款 280TSI 两驱 舒适版 国VI
奇瑞汽车,瑞虎3,2020-08-28,奇瑞瑞虎3车身生锈漆面开裂严重要求解决,,515216,"H79,H81,",信息审核,,2014款 1.6L 手动 风尚版 5座
东风日产,轩逸,2020-08-28,东风日产轩逸车道偏离系统失效4S店未解决,,515213,"H170,J298,O348,",信息审核,,2020款 改款 1.6L TOP CVT 奢享版
吉利汽车,博瑞,2020-08-28,吉利博瑞转向助力失效卡死要求给予解决,,515212,"D123,D57,",信息审核,,2015款 1.8T 尊贵型
众泰汽车,众泰T500,2020-08-28,众泰T500出现质量问题厂家不处理,,515211,"B95,I295,I297,I293,I294,",信息审核,,2018款 1.5T 自动 尊享型 5座
一汽-大众,速腾,2020-08-28,一汽大众速腾变速箱异响严重要求尽快解决,,515208,"B33,",信息审核,,2019款 280TSI DSG 舒适型 国VI
奥迪（进口）,奥迪A3（进口）,2020-08-28,进口奥迪A3变速箱换挡机构故障要求召回,,515206,"B184,Q290,",信息审核,,2014款 1.8T DCT Sportback舒适型
一汽丰田,卡罗拉,2020-08-28,一汽丰田卡罗拉底盘生锈希望厂家处理,,515196,"H79,",信息审核,,2017款 1.2T S-CVT GL 改款
东风雪铁龙,雪铁龙C4L,2020-08-28,东风雪铁龙C4L节温器故障要求厂家解决,,515194,"A191,",信息审核,,2014款 1.6THP 自动 车载互联劲智型
东风悦达起亚,智跑,2020-08-28,东风悦达起亚智跑经销商出售车辆库存时间长,,515191,"M283,",信息审核,,2019款 2.0L 自动 智享豪华版
广汽丰田,凯美瑞,2020-08-28,广汽丰田凯美瑞中控台出油开裂影响视线,,515189,"H176,",信息审核,,2013款 200G 2.0 自动 经典豪华版
东风日产,轩逸,2020-08-28,东风日产轩逸经销商出售问题车保险杠有喷漆,,515186,"M284,",信息审核,,2020款 1.6L XL CVT 智享版
奔驰（进口）,奔驰C级（进口）,2020-08-28,进口奔驰C级发动机故障灯亮抖动严重,,515184,"A24,A34,A255,",信息审核,,2020款 C 260 轿跑车
观致汽车,观致5,2020-08-28,观致5影音系统没有声音要求厂家处理,,515178,"H134,",信息审核,,2019款 观致5S 1.6T GDI 尊贵型
一汽-大众,高尔夫·嘉旅,2020-08-28,一汽大众高尔夫嘉旅内饰顶棚处漏水,,515175,"H109,H88,",信息审核,,2016款 230TSI 自动 进取型
BEIJING汽车,绅宝X35,2020-08-28,北汽绅宝X35转向柱生锈要求尽快解决,,515167,"H79,",处理反馈,,2016款 1.5L 手动 豪华版
广汽丰田,雷凌,2020-08-28,广汽丰田雷凌丰云行绑定手机号无法更改,,515166,"H155,",信息审核,,2021款 185T CVT 豪华版
东风日产,轩逸,2020-08-28,东风日产轩逸排气管变形4S店不予解决,,515165,"H157,I295,",信息审核,,2021款 经典 1.6 XL CVT 豪华版
华晨宝马,宝马3系,2020-08-28,华晨宝马3系发动机水泵漏水要求给予保修,,515162,"A37,",信息审核,,2017款 320Li 时尚型
东风标致,标致408,2020-08-28,东风标致408发动机抖动故障灯报警,,515161,"A24,A34,A160,J298,",信息审核,,2016款 1.6T 自动 豪华版
上汽大众,途观L,2020-08-28,上汽大众途观L四轮定位偏差导致轮胎吃胎,,515158,"G245,G225,",信息审核,,2018款 330TSI 自动 两驱 豪华版
东风标致,标致408,2020-08-28,东风标致408发动机烧机油严重要求解决,,515157,"A63,",信息审核,,2015款 1.2T 自动 荣耀版
一汽-大众,迈腾,2020-08-28,一汽大众迈腾发动机飞轮出现生锈的现象,,515147,"H79,",信息审核,,2010款 1.4TSI 精英型
一汽-大众,速腾,2020-08-28,一汽大众速腾变速箱异响希望厂家处理问题,,515146,"B33,",信息审核,,2020款 200TSI DSG 舒适型 国VI
上汽大众,朗逸,2020-08-28,上汽大众朗逸车内顶棚绒布脱落要求解决,,515144,"H168,",信息审核,,2013款 1.4TSI DSG豪华版
华晨宝马,宝马X1,2020-08-28,华晨宝马X1发动机怠速转速高换挡转速高,,515140,"A35,B84,",信息审核,,2020款 xDrive25Li 尊享型
一汽红旗,红旗H5,2020-08-28,一汽红旗H5发动机故障灯亮多次维修未解决,,515138,"A34,",信息审核,,2020款 1.8T 自动 智联旗畅版
东风日产,奇骏,2020-08-28,东风日产奇骏4S店销售加装非原厂配件,,515134,"I295,I293,L313,",用户评分,,2020款 2.0L XL Premium CVT 2WD 智联尊享版
一汽-大众,迈腾,2020-08-28,一汽大众迈腾车内异味影响身体健康,,515133,"H185,",信息审核,,2015款 2.0TSI 豪华型
比亚迪,速锐,2020-08-28,比亚迪速锐变速箱挂挡打齿 异响严重,,515127,"B33,B77,",处理反馈,,2015款 1.5L 手动 豪华型
一汽-大众,速腾,2020-08-28,一汽大众速腾车门拉手胶垫处磨损掉漆,,515125,"H233,",信息审核,,2019款 280TSI DSG 舒适型 国VI
东风小康,东风小康EC36,2020-08-28,东风小康EC36动力电池温度过高要求解决,,515121,"H345,",处理反馈,,2020款 标准型 宁德时代电池
广汽本田,飞度,2020-08-28,广汽本田飞度发动机冷启动异响要求解决,,515119,"A9,",信息审核,,2014款 1.5L CVT LX舒适型
华晨宝马,宝马X1,2020-08-28,华晨宝马X1发动机怠速高 厂家不回复信息,,515117,"A35,I294,",信息审核,,2020款 xDrive25Li 尊享型
东风悦达起亚,KX3傲跑,2020-08-28,起亚KX3傲跑发动机烧机油行驶中熄火,,515113,"A63,A14,",信息审核,,2015款 1.6T 自动 两驱DLX
大众（进口）,途锐,2020-08-28,进口大众途锐固特异轮胎脱皮 行车灯不亮,,515110,"F186,H82,",信息审核,,2016款 3.0TSI R-Line
东风悦达起亚,智跑,2020-08-28,起亚智跑4S店销售强制收取保单费用不退还,,515109,"K307,",厂家受理,,2019款 2.0L 自动 智享豪华版
知豆电动车,知豆D2,2020-08-28,知豆D2换挡按键损坏脱落 4S店不予质保,,515108,"H168,I297,",厂家受理,,2017款 D2 乐享版
吉利汽车,帝豪GL,2020-08-28,吉利帝豪GL离合器不回弹 刹车故障灯亮,,515107,"C267,E62,",信息审核,,2017款 1.8L 手动 精英型
北汽银翔,幻速S6,2020-08-28,北汽幻速S6后备箱锁块损坏4S店没有配件,,515104,"H197,N318,",信息审核,,2016款 1.5T CVT 尊享型
北京奔驰,奔驰C级,2020-08-28,北京奔驰C级主驾座椅皮革开裂4S店不保修,,515103,"H168,I297,",信息审核,,2015款 200 L 运动型 改款
广汽丰田,汉兰达,2020-08-28,广汽丰田汉兰达发动机抖动 喷油嘴漏油,,515102,"A24,A34,A53,",信息审核,,2017款 2.0T 四驱 豪华版 7座
长安马自达,马自达3 昂克赛拉,2020-08-28,长安马自达昂克赛拉行驶中发动机熄火,,515100,"A14,J298,J301,",信息审核,,2019款 云控版 三厢 1.5L 自动 豪华型 国VI
上汽大众,凌渡,2020-08-28,上汽大众凌渡左侧大灯内部下雨天出现雾水,,515095,"H88,",信息审核,,2019款 280TSI DSG 舒适版 国VI
一汽丰田,RAV4荣放,2020-08-28,一汽丰田RAV4荣放发动机机油增多,,515094,"A339,",信息审核,,2020款 双擎 2.5L CVT 四驱 精英PLUS版
北京奔驰,奔驰GLA,2020-08-28,北京奔驰GLA轮速传感器故障导致故障灯亮,,515081,"H234,",信息审核,,2016款 220 4MATIC 豪华型
长安汽车,逸动XT,2020-08-28,长安逸动XT定速巡航故障气囊报警要求解决,,515080,"A24,B22,H103,H253,",厂家受理,,2018款 1.6L GDI 自动 锐潮型 国V
上汽大众,凌渡,2020-08-28,上汽大众凌渡变速箱故障无法挂入倒挡,,515077,"B20,",信息审核,,2015款 330TSI DSG 豪华版
吉利汽车,帝豪GS,2020-08-28,吉利帝豪GS自适应巡航无法使用4S店不保修,,515075,"H253,I297,",处理反馈,,2016款 1.3T 自动 臻尚型 运动版
比亚迪,比亚迪F6,2020-08-28,比亚迪F6发动机舱盖处有多处生锈的现象,,515070,"H79,H81,",处理反馈,,2011款 1.8L 手动 豪华型
一汽-大众,速腾,2020-08-28,一汽大众速腾发动机异响飞轮生锈要求解决,,515068,"A9,B19,H79,",信息审核,,2018款 280TSI 双离合 舒适型
一汽-大众,探岳,2020-08-28,一汽大众探岳低速行驶时变速箱异响顿挫,,515065,"B33,B19,",信息审核,,2019款 330TSI 两驱 豪华型 国Ⅵ
东风悦达起亚,奕跑,2020-08-28,东风悦达起亚奕跑热车后发动机无法启动,,515063,"A44,",信息审核,,2019款 1.4L 自动 趣享版 国VI
广汽本田,雅阁,2020-08-28,广汽本田雅阁行驶过程中发动机熄火,,515061,"A14,",处理反馈,,2018款 260TURBO 精英版 国V
东风标致,标致3008,2020-08-28,东风标致3008电池充电或蓄电池系统故障,,515059,"H110,",处理反馈,,2015款 2.0L 自动 潮流版
一汽奔腾,奔腾B50,2020-08-28,奔腾B50车身漆面大面积生锈4S店不予保修,,515058,"H79,H81,I297,",信息审核,,2016款 1.6L 手动 舒适型
一汽-大众奥迪,奥迪A4L,2020-08-28,一汽大众奥迪A4L车机和变速箱异响,,515056,"B33,H134,",信息审核,,2019款 40 TFSI 时尚型 国VI
广汽本田,凌派,2020-08-28,广汽本田凌派电子驻车按键塌陷要求处理,,515054,"H168,I297,",处理反馈,,2019款 180Turbo CVT 舒适版 国V
上汽大众,凌渡,2020-08-28,上汽大众凌渡仪表盘指针不自检无法修复,,515051,"H202,",信息审核,,2017款 230TSI DSG 风尚版
上汽斯柯达,昊锐,2020-08-28,斯柯达昊锐天窗漏水要求厂家给予解决,,515050,"H90,",信息审核,,2009款 2.0TSI 自动 优雅版
长安马自达,马自达3 昂克赛拉,2020-08-28,长安马自达昂克赛拉方向盘掉漆导航屏幕开裂,,515047,"H134,H81,H168,",处理反馈,,2016款 1.5L 自动 豪华型 三厢
奇瑞汽车,艾瑞泽5,2020-08-28,奇瑞艾瑞泽5左前轮异响换挡打齿望处理,,515041,"B33,G125,",处理反馈,,2017款 1.5L 手动 领潮版
东风雪铁龙,雪铁龙C4L,2020-08-28,东风雪铁龙C4L节温器故障要求厂家召回,,515040,"A191,Q290,",处理反馈,,2014款 1.6THP 自动 智驱版 劲智型
凯翼汽车,凯翼C3R,2020-08-28,凯翼C3R变速箱脱挡动力消失希望厂家处理,,515039,"B334,",信息审核,,2015款 1.5L AMT 金钻版
一汽-大众,宝来,2020-08-28,一汽大众宝来变速箱异响厂家拖延不处理,,515038,"B33,",信息审核,,2020款 280TSI DSG 精英型
华晨宝马,宝马X1,2020-08-28,华晨宝马X1发动机怠速高变速箱换挡顿挫,,515035,"A35,B19,B69,I295,",信息审核,,2020款 xDrive25Li 尊享型
北京现代,领动,2020-08-28,北京现代领动轮毂有不同程度氧化腐蚀,,515034,"H243,I295,",信息审核,,2016款 1.6L 自动 智炫·精英型
奇瑞汽车,艾瑞泽5,2020-08-28,奇瑞艾瑞泽5方向盘不正变速箱故障灯亮,,515031,"B96,B334,D59,D154,",信息审核,,2019款 Pro 1.5L CVT青春版 改款 国VI
一汽-大众,探影,2020-08-28,一汽大众探影刹车异响 车内密封条热熔化,,515030,"E43,H72,H48,",信息审核,,2020款 1.5L 自动 尚
上汽大众,朗逸,2020-08-28,上汽大众朗逸厂家销售活动未兑现欺骗消费者,,515025,"L313,",信息审核,,2019款 280TSI DSG 豪华版 国VI
华晨中华,中华V7,2020-08-28,中华V7发动机有漏油的现象要求处理,,515022,"A12,I282,N318,N320,",信息审核,,2018款 280T DCT 豪华型 5座
东风日产,奇骏,2020-08-28,东风日产奇骏变速箱无法加速希望厂家处理,,515021,"B334,",处理反馈,,2014款 2.5L XL CVT 四驱 领先版
一汽-大众,高尔夫,2020-08-28,一汽大众高尔夫油门反应延迟导致车辆事故,,515011,"A11,I295,",信息审核,,2017款 1.6L 自动 舒适百万辆纪念版
吉利汽车,帝豪GL,2020-08-28,吉利帝豪GL车内隔音棉处无覆盖物,,515008,"Q322,",处理反馈,,2018款 1.8L 自动 精英智联型
华晨宝马,宝马X1,2020-08-28,华晨宝马X1发动机怠速高低速换挡顿挫,,515007,"A35,B19,",信息审核,,2020款 xDrive25Li 尊享型
SWM斯威汽车,SWM斯威X7,2020-08-28,SWM斯威X7变速箱挂挡时顿挫 发动机抖动,,515003,"A24,B19,",厂家受理,,2018款 1.5T 自动 智享互联版 7座
林肯（进口）,大陆,2020-08-28,林肯大陆后排座椅靠背变硬且向内收缩,,515001,"H169,I292,",信息审核,,2019款 2.0T 两驱 尊享版 国VI
众泰汽车,大迈X5,2020-08-28,众泰大迈X5车窗升降故障希望厂家处理,,514997,"H67,",信息审核,,2017款 1.6L 手动 舒适型 超值版
上汽通用五菱,五菱荣光小卡,2020-08-28,上汽通用五菱荣光小卡漆面多处开裂,,514996,"H81,",处理反馈,,2020款 1.5L 基本型 国VI 单排 L3C
一汽丰田,卡罗拉,2020-08-28,一汽丰田卡罗拉智行互联被其他人注册过,,514993,"M284,",信息审核,,2019款 1.2T S-CVT GL-i精英版
上汽大众,桑塔纳,2020-08-28,上汽大众桑塔纳发动机启动时异响故障报警,,514990,"A9,A34,",信息审核,,2019款 1.5L 手动 风尚版 国VI
吉利汽车,帝豪GL,2020-08-28,吉利帝豪GL车门生锈严重希望厂家处理,,514987,"H79,H81,",信息审核,,2019款 1.4T CVT 精英智享版
上汽大众,朗逸,2020-08-28,上汽大众朗逸变速箱异响严重希望处理,,514985,"B33,",信息审核,,2019款 280TSI DSG 舒适版 国VI
一汽-大众,速腾,2020-08-28,一汽大众速腾发动机漏油 球笼套漏油,,514984,"A12,D59,G161,H67,J300,",处理反馈,,2015款 1.6L  自动 舒适型
吉利汽车,远景S1,2020-08-28,吉利远景S1车门生锈希望厂家处理问题,,514980,"H79,H81,",信息审核,,2018款 1.5L 手动 锋驰型
上汽通用五菱,五菱荣光,2020-08-28,五菱荣光车身生锈严重要求尽快解决,,514979,"H79,",处理反馈,,2017款 1.2L 基本型 加长
一汽-大众,高尔夫,2020-08-28,一汽大众高尔夫变速箱机电元件故障,,514976,"B96,B84,",处理反馈,,2020款 280TSI DSG 舒适型
奇瑞汽车,艾瑞泽7,2020-08-28,奇瑞艾瑞泽7车门处有严重的生锈的现象,,514973,"H79,",处理反馈,,2016款 1.6L 手动 智效致臻版
奔驰（进口）,奔驰C级（进口）,2020-08-28,进口奔驰C级发动机故障灯亮 车身严重抖动,,514972,"A34,H268,",信息审核,,2020款 C 260 轿跑车
东风标致,标致508,2020-08-28,东风标致508车身B柱方向机天窗异响,,514964,"D59,H15,H89,H169,",处理反馈,,2019款 508L 400THP PureTech 驾控版 国VI
长安凯程,长安睿行S50,2020-08-28,长安凯程睿行S50车门生锈严重4S店不保修,,514962,"H79,I297,",信息审核,,2017款 1.5T 手动 旗舰型 5MT
北京现代,领动,2020-08-28,北京现代领动变速箱顿挫 右前车窗升降慢,,514959,"B19,B95,H72,H67,",信息审核,,2018款 1.4T 双离合 炫动·活力型
上汽斯柯达,昊锐,2020-08-28,斯柯达昊锐车内异味希望厂家解决处理,,514957,"H185,",信息审核,,2009款 1.8TSI 自动 尊雅版
广汽三菱,劲炫ASX,2020-08-28,广汽三菱劲客ASX购车四年车内异味严重,,514955,"H185,",厂家受理,,2013款 2.0L 自动 两驱 精英版 5座
一汽-大众,迈腾,2020-08-28,一汽大众迈腾变速箱机电单元故障无法挂挡,,514954,"B84,",处理反馈,,2017款 330TSI DSG 豪华型
奔驰（进口）,奔驰GLE,2020-08-28,进口奔驰GLE空调出风口拔片损坏无法使用,,514952,"H168,",信息审核,,2017款 320 4MATIC 动感型
野马汽车,野马T70,2020-08-28,野马T70踩油门时发动机空转而且有异响,,514944,"B334,B84,",处理反馈,,2016款 1.8T CVT 旗舰型 升级版
广汽本田,飞度,2020-08-28,广汽本田飞度冷车启动发动机VTC阀异响,,514943,"A9,",处理反馈,,2016款 1.5L LX CVT 舒适型
奇瑞汽车,捷途X70,2020-08-28,捷途X70变速箱顿挫 副驾驶车门内侧生锈,,514941,"B19,H79,",用户评分,,2018款 1.5T 自动 悦行版
奇瑞汽车,艾瑞泽5,2020-08-28,奇瑞艾瑞泽5减震器异响天窗玻璃异响,,514938,"G52,H89,",处理反馈,,2017款 1.5L CVT 豪华版
沃尔沃亚太,沃尔沃S90,2020-08-28,亚太沃尔沃S90高速行驶方向盘抖动车身抖动,,514933,"D80,H268,",信息审核,,2020款 T5 智逸豪华版
一汽-大众奥迪,奥迪A6L,2020-08-28,一汽大众奥迪A6L右后视镜无法自动打开,,514928,"H211,I297,",信息审核,,2014款 30 FSI CVT 豪华型
东风日产,轩逸,2020-08-28,东风日产轩逸倒车影像蓝屏要求解决,,514924,"H134,",处理反馈,,2020款 1.6L XL CVT 悦享版
众泰汽车,芝麻,2020-08-28,众泰芝麻动力电池故障车辆无法行驶,,514923,"H343,",信息审核,,2017款 标准型
北京现代,领动,2020-08-28,北京现代领动发动机烧机油希望尽快处理,,514920,"A63,",信息审核,,2019款 1.4T 双离合 炫动·活力型
宝沃汽车,宝沃BX5,2020-08-28,宝沃BX5行驶中下坡变速箱脱挡要求解决,,514916,"B246,",用户评分,,2020款 20TGDI 自动 两驱先锋型
一汽-大众,迈腾,2020-08-28,一汽大众迈腾变速箱故障报警无法换挡提速,,514911,"A34,B20,B96,B334,B84,B27,",处理反馈,,2017款 330TSI DSG 豪华型
东风雪铁龙,雪铁龙C4L,2020-08-28,东风雪铁龙C4L大修发动机后无法加速,,514909,"A160,I282,J301,",处理反馈,,2014款 1.6THP 自动 智驱版 劲智型
东风日产,轩逸,2020-08-28,东风日产轩逸变速箱无法换挡无法加速,,514907,"B20,B334,I294,",处理反馈,,2016款 1.6XL CVT 尊享版
东风雪铁龙,凯旋,2020-08-28,东风雪铁龙凯旋加满汽油后漏油望厂家解决,,514902,"H271,",信息审核,,2006款 2.0L 手动 精英型
东风标致,标致308,2020-08-28,东风标致308油箱及汽油泵变形 油表显示不准,,514896,"B19,H202,H78,H271,J303,",信息审核,,2014款 乐享版 经典 1.6L 自动 风尚型
众泰汽车,众泰Z500,2020-08-28,众泰Z500质保期内出现的质量问题不予索赔,,514895,"I297,",信息审核,,2015款 1.5T 手动 尊贵型
一汽-大众,宝来,2020-08-27,一汽大众宝来倒车影像系统黑屏望厂家解决,,514890,"H134,",处理反馈,,2020款 1.5L 自动 舒适型
长安马自达,马自达3 昂克赛拉,2020-08-27,长安马自达3昂克赛拉前挡风玻璃炸裂,,514889,"H113,I297,I292,",用户评分,,2020款 2.0L 自动 质豪版
奔驰（进口）,奔驰S级,2020-08-27,进口奔驰S级发动机故障灯亮4S店未解决,,514882,"A34,H202,I295,I293,",信息审核,,2019款 S 450 L 臻藏版
东风日产,轩逸,2020-08-27,东风日产轩逸主驾驶座椅上车时晃动,,514881,"H169,",处理反馈,,2019款 1.6XV CVT 智联尊享版 国VI
北京汽车,威旺S50,2020-08-27,北汽威旺S50车身抖动 经销商出售问题车,,514878,"B95,M284,",厂家受理,,2016款 1.5T CVT 乐动 豪华型
上汽通用五菱,宝骏610,2020-08-27,宝骏610底盘边梁生锈希望厂家处理问题,,514877,"H79,",处理反馈,,2014款 1.5L 自动 舒适型 CROSS
北京汽车,威旺M50F,2020-08-27,北汽威旺M50F合格证日期与铭牌相差太大,,514876,"M284,",厂家受理,,2017款 1.5L 标准型
一汽-大众,速腾,2020-08-27,一汽大众速腾方向盘掉皮存在质量问题,,514873,"H157,",处理反馈,,2018款 1.6L 自动 舒适型
上汽大众,途昂X,2020-08-27,上汽大众途昂X后视镜角度无法固定,,514868,"H211,",处理反馈,,2020款 改款 380TSI 四驱 尊崇豪华版
吉利汽车,帝豪GL,2020-08-27,吉利帝豪GL车门生锈 排气管生锈质量差,,514866,"H79,H30,",处理反馈,,2017款 1.8L 自动 精英型
一汽丰田,卡罗拉,2020-08-27,一汽丰田卡罗拉车灯亮度不达标无法登记,,514865,"H82,",信息审核,,2019款 双擎 1.8L E-CVT GL-i精英版
众泰汽车,众泰Z700,2020-08-27,众泰Z700变速箱顿挫 转向异响4S店退网,,514860,"A12,B19,D59,N318,O326,",信息审核,,2016款 1.8T DCT 典雅型
一汽-大众奥迪,奥迪Q2L,2020-08-27,一汽大众奥迪Q2L发动机故障灯常亮,,514859,"A34,",信息审核,,2020款 35TFSI 进取动感型
东风日产,逍客,2020-08-27,东风日产逍客4S店销售低配当高配卖不解决,,514858,"I295,M280,",处理反馈,,2019款 2.0L CVT 豪华版
奇瑞汽车,瑞虎8,2020-08-27,奇瑞瑞虎8大灯照射存在盲区中控异响,,514851,"H93,Q322,",信息审核,,2020款 290TGDI 自动 豪华版
上汽大众,朗逸,2020-08-27,上汽大众朗逸车漆鼓包 车窗密封条开裂,,514845,"H81,H48,I294,",用户评分,,2017款 1.6L 自动 风尚版
一汽大众,捷达VS7,2020-08-27,捷达VS7空调压缩机异响严重厂家不予解决,,514843,"H101,I295,",处理反馈,,2020款 1.4T 自动 悦享型
一汽大众,捷达VS5,2020-08-27,捷达VS5刹车异响要求厂家尽快解决,,514842,"E43,I295,",处理反馈,,2019款 280TSI 自动 荣耀型
上汽斯柯达,速派,2020-08-27,斯柯达速派天窗胶条异响希望厂家处理,,514841,"H89,H48,I294,",处理反馈,,2019款 改款 TSI330 DSG 豪华版
东风标致,标致308,2020-08-27,东风标致308变速箱异响无法加速要求解决,,514838,"B33,B334,I297,",信息审核,,2013款 1.6L 自动 优尚型
长安汽车,长安欧尚X7,2020-08-27,长安欧尚X7后尾灯不亮要求厂家处理,,514832,"H82,",用户评分,,2020款 1.5T 自动 豪华型
江铃福特,领界,2020-08-27,江铃福特领界发动机无法启动故障灯亮,,514828,"A34,A44,",处理反馈,,2019款 EcoBoost 145 CVT 铂领型 国VI
一汽-大众奥迪,奥迪A6L,2020-08-27,一汽大众奥迪A6L天窗漏水要求厂家处理,,514826,"H90,",信息审核,,2017款 30 FSI CVT 舒适型
一汽吉林,森雅R7,2020-08-27,一汽吉林森雅R7导航黑屏要求厂家处理,,514823,"H134,",信息审核,,2016款 1.6L 手动 尊贵型
一汽-大众奥迪,奥迪A6L,2020-08-27,一汽大众奥迪A6L车身抖动发动机异响,,514819,"A35,B33,H268,",信息审核,,2020款 40 TFSI 豪华动感型
一汽奔腾,奔腾B50,2020-08-27,一汽奔腾B50车身多处出现严重生锈的现象,,514818,"H79,",信息审核,,2013款 1.6L 手动 舒适型
华晨宝马,宝马X3,2020-08-27,华晨宝马X3发动机抖动 车内按键失灵,,514816,"A24,H134,",信息审核,,2020款 xDrive28i 豪华套装
长城汽车,哈弗F5,2020-08-27,哈弗F5变速箱换挡顿挫 仪表上油耗不准确,,514812,"B19,H202,",处理反馈,,2018款 1.5T i潮版
华晨中华,中华V6,2020-08-27,华晨中华V6经销商无配件导致无法更换,,514810,"N318,",信息审核,,2018款 1.5T 手动 精英型
长安汽车,长安欧尚X7,2020-08-27,长安欧尚X7空调压缩机漏水转向异响,,514809,"D59,H101,",信息审核,,2020款 1.5T 自动 豪华型
上汽大通,上汽大通MAXUS G50,2020-08-27,上汽大通MAXUS G50发动机抖动异响,,514798,"A9,A24,",处理反馈,,2019款 1.5T 自动 精英版 国VI
广汽乘用车,传祺GA4,2020-08-27,广汽传祺GA4室内顶灯眼镜盒总成自然脱落,,514797,"H168,",信息审核,,2018款 200T 自动 尊享版
吉利汽车,帝豪GL,2020-08-27,吉利帝豪GL变速箱挡杆振动承诺解决未兑现,,514789,"B33,B95,",处理反馈,,2019款 1.4T CVT 尊贵智享型
一汽丰田,RAV4荣放,2020-08-27,一汽丰田RAV4荣放前后护板有严重色差,,514788,"H201,",信息审核,,2020款 2.0L CVT 两驱 都市版
一汽丰田,RAV4荣放,2020-08-27,一汽丰田RAV4荣放漆面鼓包开裂希望厂家处理,,514787,"H81,",信息审核,,2020款 2.5L CVT 两驱 精英版 双擎
一汽-大众,宝来,2020-08-27,一汽大众宝来显示变速箱紧急模式维修未解决,,514784,"B96,",信息审核,,2020款 1.5L 自动 舒适型
一汽-大众,速腾,2020-08-27,一汽大众速腾加速时异响4S店不处理,,514775,"B33,",处理反馈,,2020款 280TSI DSG 舒适型 国VI
陆风汽车,陆风X5,2020-08-27,陆风X5车身整体生锈存在质量问题,,514773,"H79,",信息审核,,2018款 1.5T 手动 创享版 Plus
长安汽车,长安欧尚A600,2020-08-27,长安欧尚A600电池漏液车门生锈严重,,514771,"H79,H146,",信息审核,,2017款 1.5L 手动 豪华型
华晨宝马,宝马1系,2020-08-27,华晨宝马1系座椅调节故障希望质保维修,,514765,"H169,",信息审核,,2018款 改款 118i 运动型
东南汽车,翼神,2020-08-27,东南三菱翼神无法换挡4S店拖延不处理,,514764,"I295,N318,",处理反馈,,2011款 1.8 手动 致尚版豪华型
东风风行,菱智,2020-08-27,东风风行菱智方向机漏油 售后无零件,,514763,"D58,N318,",处理反馈,,2017款 1.5L 豪华型 7座 V3
众泰汽车,众泰Z700,2020-08-27,众泰Z700发动机车轮异响厂家无人处理,,514762,"A9,G125,",信息审核,,2016款 1.8T 手动 豪华型
一汽-大众,速腾,2020-08-27,一汽大众速腾行驶过程中变速箱有异响,,514756,"B33,",处理反馈,,2017款 230TSI 自动 舒适型
华晨中华,中华V7,2020-08-27,华晨中华V7天窗漏水 顶棚脱落 售后无配件,,514753,"H179,N318,",信息审核,,2018款 280T DCT 尊贵型 5座
东风本田,本田CR-V,2020-08-27,东风本田CR-V经销商销售旧款车型不解决,,514751,"I295,I293,M280,",用户评分,,2019款 240TURBO CVT 两驱 舒适版 国V
东风日产,逍客,2020-08-27,东风日产逍客高速行驶过程中动力消失,,514749,"B334,",处理反馈,,2016款 2.0L CVT 豪华版
一汽-大众,迈腾,2020-08-27,一汽大众迈腾变速箱无法提速动力消失,,514743,"B334,B84,",处理反馈,,2017款 330TSI DSG 豪华型
吉利汽车,吉利icon,2020-08-27,吉利icon售后维修导致线束损坏希望厂家处理,,514736,"J299,J304,",用户评分,,2020款 300T DCT 银河限量版
广汽三菱,欧蓝德,2020-08-27,广汽三菱欧蓝德发动机抖动熄火 座椅生锈,,514728,"A24,A163,A14,A35,H79,H164,",厂家受理,,2019款 2.0L 两驱 畅享版 5座 国VI
奇瑞汽车,瑞虎8,2020-08-27,奇瑞瑞虎8发动机失缸 大灯转向盲区大,,514725,"A24,H71,",处理反馈,,2020款 290TGDI 自动 豪华版
长城汽车,哈弗H6 Coupe,2020-08-27,哈弗H6 Coupe前大灯进水厂家不予解决,,514722,"H88,",处理反馈,,2018款 1.5T 自动 两驱 超豪型 红标
一汽-大众,探岳,2020-08-27,一汽大众探岳4S店退保险要求缴纳补偿金,,514716,"K307,",处理反馈,,2019款 380TSI 四驱 尊贵型 国VI
一汽丰田,卡罗拉,2020-08-27,一汽丰田卡罗拉新车发动机异响不解决问题,,514714,"A9,A38,I295,I281,I292,",信息审核,,2019款 1.2T S-CVT GL-i精英版
一汽-大众奥迪,奥迪A3,2020-08-27,一汽大众奥迪A3轮速传感器多次损坏,,514712,"E62,N317,",信息审核,,2014款 Sportback 1.4T 双离合 进取型
一汽-大众,宝来,2020-08-27,一汽大众宝来锦湖轮胎开裂希望厂家处理,,514711,"F100,",用户评分,,2018款 1.5L 自动 时尚型
一汽-大众,探岳,2020-08-27,一汽大众探岳定损更换右后轮眉厂家无货,,514709,"N318,",处理反馈,,2019款 380TSI 四驱 R-Line 国VI
华晨宝马,宝马3系,2020-08-27,华晨宝马3系发动机热管理模块故障漏冷却液,,514708,"A37,A191,",信息审核,,2020款 325Li 首发版
宝马（进口）,宝马X5,2020-08-27,进口宝马X5新车车漆有划痕要求退还定金,,514705,"M284,",信息审核,,2020款 xDrive30i M运动套装
一汽-大众,T-ROC探歌,2020-08-27,一汽大众T-ROC探歌两侧尾灯有裂纹,,514704,"H220,I282,",处理反馈,,2019款 280TSI DSG 两驱 舒适型 国VI
领克汽车,领克01,2020-08-27,领克01变速箱顿挫 刹车异响 倒车影像不显示,,514700,"A85,B19,E43,H134,H101,",处理反馈,,2017款 2.0T 自动 两驱 型
东风日产,奇骏,2020-08-27,东风日产奇骏变速箱阀体故障存在安全隐患,,514696,"B84,",处理反馈,,2014款 2.5L XV CVT 四驱 至尊版
东风本田,本田CR-V,2020-08-27,东风本田CR-V上坡时出现溜车现象,,514694,"E74,",用户评分,,2017款 240TURBO 自动 四驱 豪华版
长安马自达,马自达3 昂克赛拉,2020-08-27,长安马自达昂克赛拉多媒体显示屏自然开裂,,514693,"H168,",处理反馈,,2016款 1.5L 自动 豪华型 三厢
众泰汽车,众泰T300,2020-08-27,众泰T300起步时顿挫 倒车雷达时好时坏,,514689,"B19,H289,",信息审核,,2018款 1.5L CVT 精英型
领克汽车,领克03,2020-08-27,领克03倒车影像失灵 中控及车门异响,,514687,"H134,H72,H93,J298,",用户评分,,2019款 1.5TD DCT 劲版 国VI
上汽集团,锐腾,2020-08-27,上汽名爵锐腾变速箱漏油一直无法解决,,514685,"B22,",处理反馈,,2016款 1.5TGI TST 豪华版
上汽大众,朗逸,2020-08-27,上汽大众朗逸蓄电池电压低发动机无法启动,,514684,"H146,",处理反馈,,2018款 280TSI DSG 舒适版 国V
海马汽车,海马S5青春版,2020-08-27,海马S5青春版天窗开关故障有异响现象,,514683,"H89,",处理反馈,,2018款 1.6L CVT 豪华型
广众汽车豪沃,豪沃,2020-08-27,广众汽车豪沃发动机故障灯亮电瓶报警,,514681,"A34,A160,H146,J298,",信息审核,,轻卡
众泰汽车,众泰T600,2020-08-27,众泰T600空调不制冷变速箱挂D挡无法行驶,,514680,"B334,H101,",信息审核,,2015款 2.0T 自动 尊贵型
宝沃汽车,宝沃BX7,2020-08-27,宝沃BX7发动机漏防冻液要求厂家处理,,514675,"A37,",处理反馈,,2016款 28T 两驱 精英版 5座
吉利汽车,博瑞,2020-08-27,吉利博瑞4S店销售车辆无法按时交付,,514672,"I295,I293,I294,L312,",处理反馈,,2021款 1.8T 领航版+
北京越野,北京BJ40,2020-08-27,北京BJ40导航不精准而且导航无法升级,,514667,"H21,",处理反馈,,2018款 PLUS 2.3T 自动 四驱 旗舰型 国V
上汽大众,桑塔纳,2020-08-27,上汽大众桑塔纳天然气气管破裂4S店不解决,,514666,"H168,I297,",用户评分,,2019款 1.5L 手动 风尚版 国VI
东风标致,标致408,2020-08-27,东风标致408主驾驶侧车窗升降器损坏,,514665,"H67,",处理反馈,,2018款 350THP 自动 豪华版 改款
华晨宝马,宝马5系,2020-08-27,华晨宝马5系安全系统故障 娱乐系统故障,,514662,"H134,H170,",信息审核,,2020款 530Li 尊享型 豪华套装
东风标致,标致408,2020-08-27,东风标致408驾驶舱进水 车内异味明显,,514657,"H185,H109,",处理反馈,,2016款 1.6T 自动 豪华版
东风雪铁龙,雪铁龙C4L,2020-08-27,东风雪铁龙C4L方向盘松动 高速抖动,,514655,"D80,D337,",处理反馈,,2014款 1.8L 手动 智驱版 劲享型
吉利汽车,帝豪GL,2020-08-27,吉利帝豪GL保险盒烧毁希望厂家处理问题,,514654,"H110,I294,",用户评分,,2017款 1.3T 自动 尊贵型
一汽-大众,宝来,2020-08-27,一汽大众宝来正常使用车身漆面有起泡现象,,514650,"H81,",处理反馈,,2019款 1.5L 手动 时尚型
奇瑞汽车,艾瑞泽5,2020-08-27,奇瑞艾瑞泽5大灯进水起雾车身多处生锈,,514649,"H79,H88,",处理反馈,,2016款 1.5L 手动 领潮版
江铃福特,领界,2020-08-27,江铃福特领界蓄电池亏电导致发动机无法启动,,514648,"H146,",处理反馈,,2019款 EcoBoost 145 CVT 尊领型 国VI
一汽-大众,迈腾,2020-08-27,一汽大众迈腾变速箱异响顿挫4S店不予解决,,514647,"B33,B19,I295,",处理反馈,,2019款 280TSI DSG 领先型 国VI
东风标致,标致408,2020-08-27,东风标致408蓄电池亏电导致发动机无法启动,,514646,"H146,",处理反馈,,2018款 350THP 自动 豪华版 改款
大众（进口）,途锐,2020-08-27,进口大众途锐4S店维修配件有质量问题,,514645,"N317,",信息审核,,2018款 3.0TSI 荣耀 典藏版
一汽丰田,RAV4荣放,2020-08-27,一汽丰田RAV4荣放缴纳保险费后未上保险	售,,514644,"L313,",信息审核,,2020款 2.0L CVT 两驱 风尚版
海马汽车,海马8S,2020-08-27,海马8S行驶时车身抖动严重希望尽快解决,,514642,"H268,",用户评分,,2019款 1.6TGDI 自动 智版
上汽斯柯达,速派,2020-08-27,斯柯达速派行驶中变速箱脱挡动力消失,,514641,"B246,",处理反馈,,2013款 1.4T DSG 绅仕版
一汽丰田,卡罗拉,2020-08-27,一汽丰田卡罗拉四个车门内侧有开裂的现象,,514622,"H168,",信息审核,,2017款 1.2T S-CVT GL-i 改款
一汽-大众奥迪,奥迪A4L,2020-08-27,一汽大众奥迪A4L变速器故障维修后异响,,514618,"B33,J300,",信息审核,,2019款 40 TFSI 进取型 国VI
奇瑞汽车,捷途X70,2020-08-27,捷途X70行驶过程中两前减震器有异响,,514615,"G52,",用户评分,,2020款 1.5T DCT 畅行版 6座
东风日产,轩逸,2020-08-27,东风日产轩逸发动机故障 变速箱电脑故障,,514613,"A34,B115,",处理反馈,,2014款 1.6L XV CVT 尊享版
江淮汽车,瑞风R3,2020-08-27,江淮瑞风R3变速箱怠速异响希望尽快解决,,514611,"B33,",用户评分,,2018款 1.6L CVT 豪华天窗型
雷克萨斯,雷克萨斯ES,2020-08-27,雷克萨斯ES中控台异响多次维修未解决问题,,514610,"H93,",厂家受理,,2018款 200 卓越版 国VI
一汽-大众,高尔夫,2020-08-27,一汽大众高尔夫经销商不退订金希望尽快处理,,514609,"K309,",用户评分,,2020款 挚爱版 280TSI DSG R-Line
一汽丰田,亚洲龙,2020-08-27,一汽丰田亚洲龙发动机抖动熄火望厂家解决,,514603,"A24,A14,",信息审核,,2019款 2.5L 进取版 国Ⅵ
上汽大众,凌渡,2020-08-27,上汽大众凌渡4S店维修后仪表盘出现划痕,,514600,"I295,J300,",处理反馈,,2019款 280TSI DSG 舒适版 国VI
东风风行,景逸X5,2020-08-27,东风风行景逸X5离合器分泵漏油严重,,514597,"C207,",处理反馈,,2017款 2.0L 手动 豪华型
奇瑞汽车,瑞虎8,2020-08-27,奇瑞瑞虎8氛围灯开裂希望尽快处理,,514595,"H168,",处理反馈,,2019款 1.6TGDI 自动 精英型
一汽-大众奥迪,奥迪Q3,2020-08-27,一汽大众奥迪Q3轮速传感器故障希望厂家处理,,514587,"H234,",信息审核,,2017款 35 TFSI 风尚型
东风悦达起亚,智跑,2020-08-27,起亚智跑4S店销售重复收取保险费用不退还,,514585,"I295,M315,",处理反馈,,2019款 2.0L 自动 智享豪华版
北京奔驰,奔驰GLB,2020-08-27,北京奔驰GLB车内异响多次维修未解决,,514581,"H164,J298,",信息审核,,2020款 GLB 200 动感型
东风标致,标致301,2020-08-27,东风标致301搭电后ABS泵故障希望处理,,514579,"E74,",处理反馈,,2014款 1.6L 手动 舒适版
上汽大众,朗逸,2020-08-27,上汽大众朗逸经销商出售展车 强制购买保险,,514571,"I293,K325,M283,",处理反馈,,2019款 朗逸启航 1.5L 自动 风尚版 国VI
奇瑞捷豹路虎,发现神行,2020-08-27,奇瑞路虎发现神行凸轮轴损伤发动机故障灯亮,,514564,"A34,",处理反馈,,2016款 2.0T HSE
长城汽车,长城C50,2020-08-27,长城C50发动机烧机油异响 涡轮增压器渗油,,514562,"A9,A12,A63,A189,",处理反馈,,2012款 1.5T 时尚型
东风日产,逍客,2020-08-27,东风日产逍客行驶顿挫变速箱报故障码,,514560,"B19,B96,",处理反馈,,2016款 2.0L CVT 精英版
DS汽车,DS 5LS,2020-08-27,DS 5LS发动机高温 节温器不能开启,,514559,"A191,",信息审核,,2015款 1.6T 雅致版THP160
长城汽车,哈弗H7,2020-08-27,哈弗F7变速箱报警无法挂入倒挡要求解决,,514554,"B96,B246,J298,J301,",处理反馈,,2016款 2.0T 精英型
东风乘用车,风神A60,2020-08-27,东风风神A60经销商过度维修更换未受损配件,,514550,"J306,",用户评分,,2016款 1.4T 手动 尊贵型
吉利汽车,帝豪GS,2020-08-27,吉利帝豪GS变速箱顿挫加速无力4S店不解决,,514549,"A114,B19,B334,I295,",处理反馈,,2018款 1.4T 自动 领潮版 领尚智联型
奇瑞新能源,奇瑞eQ,2020-08-27,奇瑞eQ动力电池漏液4S店不予保修,,514544,"H343,I297,",厂家受理,,2015款 舒适型
东风标致,标致408,2020-08-27,东风标致408行驶中空调压缩机异响,,514542,"H101,",处理反馈,,2014款 1.8L 自动 豪华版
华晨宝马,宝马5系新能源,2020-08-27,华晨宝马5系新能源发动机故障灯多次报警,,514541,"A34,A346,N318,",信息审核,,2020款 530Le 里程升级版 豪华套装
长安汽车,奔奔EV,2020-08-27,长安奔奔EV轻踩刹车时车轮抱死异响,,514535,"E270,",信息审核,,2017款 180公里 标准型
中国重汽,豪沃,2020-08-27,中国重汽豪沃发动机无法启动缸盖损坏,,514525,"A44,",信息审核,,苍栏
东风日产,逍客,2020-08-27,东风日产逍客变速箱顿挫挂挡困难希望质保,,514524,"B19,B20,",用户评分,,2017款 2.0L CVT 豪华版 国V
沃尔沃亚太,沃尔沃S60,2020-08-27,亚太沃尔沃S60油箱加油频繁跳枪影响使用,,514521,"H271,",信息审核,,2015款 2.0T T5 智驭版
长安林肯,冒险家,2020-08-27,长安林肯冒险家车机黑屏转向灯失灵,,514520,"A44,D57,H202,",信息审核,,2020款 2.0T 两驱 尊雅版
吉利汽车,帝豪GS,2020-08-27,吉利帝豪GS倒车影像摄像头进水不予质保,,514519,"A12,H134,H101,H67,I297,",用户评分,,2016款 1.3T 手动 领尚型 优雅版
东风日产,天籁,2020-08-27,东风日产天籁发动机与变速箱连接处漏油,,514516,"A12,B22,",处理反馈,,2020款 改款 2.0L XL 舒适版
东风标致,标致408,2020-08-27,东风标致408发动机烧机油要求尽快解决,,514509,"A63,",处理反馈,,2018款 1.8L 自动 豪华版
星途,星途TX,2020-08-27,星途TX发动机启停故障电瓶亏电4S店不解决,,514507,"B96,B184,H146,H263,I295,",信息审核,,2019款 TXL 1.6T 两驱 钻石版
一汽-大众,T-ROC探歌,2020-08-27,一汽大众探歌高压油泵异响希望厂家处理,,514505,"A9,",处理反馈,,2018款 280TSI DSG 两驱 豪华型 国VI
东风标致,标致408,2020-08-27,东风标致408颠簸路面行驶后桥异响,,514503,"G158,",处理反馈,,2014款 1.8L 自动 豪华版
东风标致,标致3008,2020-08-27,东风标致3008蓄电池充电或供电系统故障,,514501,"H110,",处理反馈,,2013款 1.6T 自动 THP至尚版
福田汽车,奥铃,2020-08-27,北汽福田奥铃发动机高温缺水维修后未解决,,514499,"A191,J298,",信息审核,,2007款 BJ1049V8JEA-B
东风乘用车,风神AX7,2020-08-27,东风风神AX7刹车失灵希望厂家解决处理,,514496,"E29,I295,I293,",处理反馈,,2019款 经典 230T 手动 精英型 国V
上汽大众,朗逸,2020-08-27,上汽大众朗逸车内异味严重要求厂家解决,,514494,"H185,",处理反馈,,2013款 1.6L 自动 风尚版 改款
广汽丰田,雷凌,2020-08-27,广汽丰田雷凌USB提示拔出蓝牙音乐卡顿,,514491,"H155,H110,I295,I293,I281,",信息审核,,2019款 双擎 1.8H E-CVT 豪华版 国VI
一汽-大众,迈腾,2020-08-27,一汽大众迈腾车内异味更换隔音棉后未解决,,514490,"H185,",处理反馈,,2013款 1.8TSI 尊贵型
吉利汽车,帝豪GL,2020-08-27,吉利帝豪GL变速箱顿挫严重 车内异响,,514486,"B19,H185,",处理反馈,,2018款 1.8L 自动 精英智联型
奥迪（进口）,奥迪Q8,2020-08-27,奥迪Q8行驶中天窗异响要求尽快处理,,514484,"H89,",信息审核,,2019款 45 TFSI 豪华致雅型
广汽丰田,雷凌,2020-08-27,广汽丰田雷凌转向异响存在严重质量问题,,514481,"D59,",信息审核,,2019款 185T CVT 尊享版 国VI
北汽银翔,幻速S3L,2020-08-27,北汽幻速S3L低速行驶底盘异响希望厂家解决,,514480,"G56,O326,",信息审核,,2016款 1.5L 尊享型
众泰汽车,大迈X7,2020-08-27,众泰大迈X7终身保养承诺不兑现,,514479,"L314,",信息审核,,2017款 1.8T 手动 尊贵型
猎豹汽车,Mattu,2020-08-27,猎豹Mattu变速箱无动力输出ESC系统报警,,514477,"A34,B334,E74,I294,",信息审核,,2018款 1.6T GDI DCT 尊贵型
华晨宝马,宝马5系新能源,2020-08-27,华晨宝马5系新能源高压电池频繁出现故障,,514474,"H343,",处理反馈,,2018款 530Le 豪华套装
上汽大众,朗逸,2020-08-27,上汽大众朗逸车内异味持续存在无法去除,,514472,"H185,",处理反馈,,2017款 1.6L 手动 舒适版
华晨宝马,宝马X1,2020-08-27,华晨宝马X1踩油门电流声很大要求解决,,514471,"A9,",信息审核,,2020款 sDrive20Li 时尚型
SWM斯威汽车,SWM斯威X7,2020-08-27,斯威X7远程控制无法使用 坡道辅助功能缺失,,514467,"H155,O348,",处理反馈,,2016款 1.5T 豪华型
一汽-大众,速腾,2020-08-26,一汽大众速腾变速箱行驶过程中异响,,514462,"B33,",处理反馈,,2015款 230TSI  自动 豪华型
长城汽车,炮,2020-08-26,长城炮低速四驱分动箱严重异响 4S店不解决,,514458,"H86,I295,",处理反馈,,2019款 2.0T 商用版 手动 四驱 精英型 长箱 GW4D20M 柴油
东风日产,轩逸,2020-08-26,东风日产轩逸4S店销售人员强制搭售,,514454,"K325,",用户评分,,2019款 1.6XL CVT 豪华版 经典
上汽大众,朗逸,2020-08-26,上汽大众朗逸车内异味严重要求厂家解决,,514447,"H185,",用户评分,,2017款 1.6L 自动 舒适版
东风本田,本田XR-V,2020-08-26,东风本田XR-V发动机冷启动异响希望解决,,514446,"A9,",信息审核,,2017款 1.5L LXi CVT 经典版
众泰汽车,众泰T600 Coupe,2020-08-26,众泰T600 Coupe排气管漏气厂家无配件,,514444,"H31,N318,",信息审核,,2017款 1.5T 自动 尊贵型
一汽丰田,普拉多,2020-08-26,一汽丰田普拉多座椅骨架生锈4S店不予解决,,514442,"H79,I295,I282,I281,",信息审核,,2019款 3.5L 自动 TX-L尊享版 后挂备胎
特斯拉（进口）,MODEL S,2020-08-26,特斯拉MODEL S动力电池故障4S店不保修,,514441,"H343,I297,",信息审核,,2016款 MODEL S 70D
上汽大众,朗逸,2020-08-26,上汽大众朗逸一键启动无法使用4S店不解决,,514440,"H240,I295,",处理反馈,,2017款 1.6L 手动 舒适版
上汽集团,荣威350,2020-08-26,上汽荣威350正时链条拉长要求解决,,514433,"A24,A34,A163,A45,",处理反馈,,2013款 1.5L 手动 迅驰版  350S
广汽菲克菲亚特,菲翔,2020-08-26,广汽菲亚特菲翔变速箱故障导致不能挂倒挡,,514431,"B20,",厂家受理,,2013款 1.4T  周年纪念版
一汽-大众,宝来,2020-08-26,一汽大众宝来4S店销售问题车要求处理,,514427,"M284,",处理反馈,,2020款 1.5L 自动 舒适型
星途,星途LX,2020-08-26,星途LX后备箱饰板与密封胶条处有瑕疵不贴合,,514426,"H168,",信息审核,,2019款 1.6T DCT 星尊版
一汽-大众,高尔夫,2020-08-26,一汽大众高尔夫飞轮生锈导致运转时异响,,514425,"A9,",处理反馈,,2015款 1.4TSI 自动 舒适型
长城汽车,哈弗H2,2020-08-26,哈弗H2高速行驶时车辆出现自燃的现象,,514424,"H40,",处理反馈,,2016款 1.5T 手动 两驱精英型
上汽通用五菱,五菱宏光,2020-08-26,上汽通用五菱宏光车门出现生锈的现象,,514423,"H79,",处理反馈,,2016款 1.5L 舒适型 S
上汽大众,朗逸,2020-08-26,上汽大众朗逸自购车起车内一直存在异味,,514421,"H185,",处理反馈,,2013款 1.6L 手动 风尚版
一汽-大众,迈腾,2020-08-26,一汽大众迈腾变速箱机电控制单元故障,,514420,"B96,B84,",处理反馈,,2017款 330TSI DSG 领先型
江铃福特,领界,2020-08-26,江铃福特领界电瓶亏电导致发动机无法启动,,514419,"H146,",处理反馈,,2019款 EcoBoost 145 CVT 铂领型 国VI
东风日产,轩逸,2020-08-26,东风日产轩逸加速行驶时变速箱顿挫有异响,,514417,"B33,B19,",用户评分,,2019款 1.6XL CVT 豪华版 经典
华晨中华,中华V7,2020-08-26,中华V7车辆解锁时四门玻璃自动下降,,514416,"H67,H197,",信息审核,,2018款 280T DCT 尊贵型 5座
一汽-大众,速腾,2020-08-26,一汽大众速腾行驶过程中发动机熄火,,514410,"A14,",处理反馈,,2019款 280TSI DSG 舒适型 国VI
福田汽车,欧马可,2020-08-26,福田欧马可油箱变形 液位传感器故障,,514408,"H271,H234,",信息审核,,2007款 欧马可N BJ1049V8PD6-3
广汽本田,飞度,2020-08-26,广汽本田飞度启动时异响希望尽快处理,,514406,"A9,",处理反馈,,2014款 1.5L 手动 LX舒适型
奇瑞汽车,捷途X70,2020-08-26,捷途X70车身生锈天窗漏水离合踏板脚垫开裂,,514396,"H79,H168,H109,H90,",用户评分,,2018款 1.5T 手动 悦行版
广汽本田,冠道,2020-08-26,广汽本田冠道后备箱左侧严重漏水,,514394,"H109,",用户评分,,2017款 370TURBO 自动 两驱 豪华版
一汽-大众,宝来,2020-08-26,一汽大众宝来经销商出售问题车尾灯有色差,,514385,"M284,",处理反馈,,2020款 1.5L 自动 舒适型
上汽集团,锐腾,2020-08-26,上汽名爵锐腾变速箱顿挫换挡异响严重,,514382,"B33,B19,",处理反馈,,2016款 1.5TGI 手动 超值版
东风日产,轩逸,2020-08-26,东风日产轩逸变速箱顿挫异响希望厂家处理,,514379,"B33,B19,",处理反馈,,2018款 1.6XV CVT 尊享版
东风日产,天籁,2020-08-26,东风日产天籁底盘减震器异响希望厂家处理,,514377,"G52,G56,",信息审核,,2019款 2.0L XL 舒适版
广汽丰田,YARiS L 致炫,2020-08-26,广汽丰田致炫行驶中方向盘无法自动回正,,514376,"D154,",信息审核,,2019款 1.5E CVT 魅动版 国VI
一汽红旗,红旗H5,2020-08-26,一汽红旗H5行驶中方向跑偏四轮定位未解决,,514375,"G117,",信息审核,,2019款 30TD 智联灵动版
广汽丰田,凯美瑞,2020-08-26,广汽丰田凯美瑞中控台开裂发动机烧机油,,514374,"A63,H176,",信息审核,,2007款 240G 豪华版
一汽-大众,高尔夫,2020-08-26,一汽大众高尔夫仪表提示变速箱故障灯亮,,514372,"B96,",处理反馈,,2015款 1.6L 自动 舒适型
北京越野,北京BJ20,2020-08-26,北京BJ20车门空调压缩机异响希望厂家处理,,514371,"E159,H101,H72,",处理反馈,,2016款 1.5T CVT 尊贵型
一汽-大众奥迪,奥迪A4L,2020-08-26,一汽大众奥迪A4L变速箱阀体有故障,,514368,"B33,B19,B84,",信息审核,,2019款 40 TFSI 时尚型 国VI
江铃福特,领界,2020-08-26,江铃福特领界自动启停功能无法使用轮毂腐蚀,,514367,"H243,H263,",处理反馈,,2019款 EcoBoost 145 CVT 铂领型 国V
上汽大众,桑塔纳,2020-08-26,上汽大众桑塔纳车辆自燃导致严重损失,,514365,"H40,",处理反馈,,2017款 1.6L 手动 风尚型 Cross
广汽三菱,欧蓝德,2020-08-26,广汽三菱欧蓝德抖动顿挫噪音大 厂家不解决	,,514360,"A38,B19,",厂家受理,,2019款 2.0L 两驱 畅享版 5座 国VI
北京现代,领动,2020-08-26,北京现代领动方向盘凸起 锦湖轮胎鼓包,,514357,"F39,H157,",厂家受理,,2020款 1.4T 双离合 炫动·活力型
君马汽车,君马S70,2020-08-26,君马S70大灯进水 电瓶亏电 方向机故障,,514356,"D265,H146,H88,",信息审核,,2018款 1.5T 自动 豪华型 5座
奇瑞汽车,风云2,2020-08-26,奇瑞风云2后轮吃胎偏磨影响安全行驶,,514354,"G245,",处理反馈,,2013款 1.5L 手动 锐意版 两厢
奇瑞汽车,瑞虎8,2020-08-26,奇瑞瑞虎8车身漏水导致泡水希望处理,,514345,"H109,",处理反馈,,2019款 1.6TGDI 自动 尊贵型
一汽丰田,普拉多,2020-08-26,一汽丰田普拉多发动机无法启动 承诺不兑现,,514343,"A44,L313,",信息审核,,2018款 3.5L 自动 TX-L 后挂备胎
广汽丰田,凯美瑞,2020-08-26,广汽丰田凯美瑞方向盘脱皮存在质量问题,,514342,"H168,",用户评分,,2016款 2.0G 自动 十周年纪念领先版
东风本田,本田CR-V,2020-08-26,东风本田CR-V主驾驶门内饰板异响,,514338,"H72,",用户评分,,2019款 240TURBO CVT 两驱 风尚版 国V
沃尔沃（进口）,沃尔沃XC90,2020-08-26,沃尔沃XC90低频噪音高达97分贝,,514337,"H268,",信息审核,,2020款 改款 T6 智逸豪华版 7座
一汽-大众,探岳,2020-08-26,一汽大众探岳行驶时左前悬架出现异响,,514334,"G204,",处理反馈,,2019款 330TSI 两驱 豪华型 国Ⅵ
广汽三菱,欧蓝德,2020-08-26,广汽三菱欧蓝德方向盘不正行驶跑偏,,514333,"D154,G117,",厂家受理,,2017款 2.0L 两驱 荣耀版 5座
长城汽车,哈弗H2,2020-08-26,哈弗H2开启空调后发动机抖动异响严重,,514329,"A9,A24,",用户评分,,2014款 1.5T 手动 两驱精英版 5座
东风日产,逍客,2020-08-26,东风日产逍客变速箱颤抖 换挡缓慢 加油不走,,514326,"B20,B95,B334,",处理反馈,,2016款 2.0L CVT 精英版
东风标致,标致308,2020-08-26,东风标致308真皮座椅破损空调拨片损坏,,514322,"H101,H168,H169,H121,",处理反馈,,2013款 1.6L 自动 优尚型
奇瑞汽车,瑞虎8,2020-08-26,奇瑞瑞虎8变速箱顿挫 刹车前冲,,514320,"B19,E196,",处理反馈,,2018款 1.5TCI 自动 豪华型 5座
北京现代,索纳塔九,2020-08-26,北京现代索纳塔九质保期内真皮座椅破裂,,514319,"H168,I297,",用户评分,,2015款 1.6T 双离合 GLS智能型
一汽解放,虎VH,2020-08-26,一汽解放虎VH发动机水温高维修未解决,,514316,"A191,",信息审核,,轻卡
奇瑞新能源,奇瑞eQ1,2020-08-26,奇瑞eQ1车门漆面起皮要求厂家解决,,514314,"H81,",厂家受理,,2019款 小蚂蚁 智享版 4座 30.6kWh
众泰汽车,众泰SR9,2020-08-26,众泰SR9变速箱挂挡后车辆无法行驶,,514311,"B334,",信息审核,,2017款 2.0T 自动 极致之心版
众泰汽车,众泰E200,2020-08-26,众泰E200电控故障厂家无配件无法维修,,514307,"A346,N318,",信息审核,,2018款 Pro
上汽大众,途观,2020-08-26,上汽大众途观转向机异响4S店不予保修,,514306,"D59,L310,",处理反馈,,2016款 280TSI 自动 两驱 丝绸之路舒适版
东风日产,阳光,2020-08-26,东风日产阳光变速箱报P0846故障码,,514304,"B84,",处理反馈,,2011款 1.5L CVT XE 舒适版
广汽丰田,凯美瑞,2020-08-26,广汽丰田凯美瑞发动机怠速不稳仪表指针抖动,,514303,"A35,H202,",处理反馈,,2019款 改款 2.5G 豪华版
华晨宝马,宝马X1,2020-08-26,华晨宝马X1冷启动时怠速不稳希望厂家处理,,514301,"A35,",信息审核,,2016款 sDrive18Li 尊享型
江淮汽车,瑞风S3,2020-08-26,江淮瑞风S3正常使用防冻液减少查不出原因,,514296,"A37,",处理反馈,,2016款 1.5L 手动 豪华智能尊享版
华晨宝马,宝马1系,2020-08-26,华晨宝马1系车辆出险正面碰撞气囊未弹出,,514293,"H55,",信息审核,,2018款 118i 运动型
沃尔沃亚太,沃尔沃XC40,2020-08-26,亚太沃尔沃XC40购车时厂家赠送的礼包未兑现,,514291,"L313,",信息审核,,2020款 T4 四驱 智远 运动版
上汽大众,途岳,2020-08-26,上汽大众途岳涡轮增压器接口严重生锈,,514288,"H79,",处理反馈,,2020款 280TSI 两驱 豪华版PLUS 国VI
一汽-大众,迈腾,2020-08-26,一汽大众迈腾发动机多次熄火4S店无法解决,,514286,"A14,J298,J300,",处理反馈,,2019款 330TSI DSG 领先型 国V
吉利汽车,帝豪GL,2020-08-26,吉利帝豪GL机盖拉线断裂要求给予解决,,514278,"H197,",处理反馈,,2017款 1.8L 手动 精英型
一汽-大众,探岳,2020-08-26,大众探岳低速行驶变速箱异响4S店无法解决,,514276,"B33,I295,",处理反馈,,2020款 330TSI 两驱 豪华智联版
东风日产,奇骏,2020-08-26,东风日产奇骏空调蒸发器漏液导致制冷差,,514275,"H101,",信息审核,,2014款 2.0L XL CVT 两驱 舒适版
上汽大众,桑塔纳,2020-08-26,大众桑塔纳远光灯亮度低启停系统设计不合理,,514268,"H82,Q322,",用户评分,,2019款 1.5L 自动 风尚版 国VI
东风日产,奇骏,2020-08-26,东风日产奇骏天窗排水管堵塞导致漏水,,514266,"H90,",处理反馈,,2017款 2.0L CVT 舒适版 5座 2WD
北汽银翔,幻速S6,2020-08-26,北汽幻速S6发动机噪音大后视镜漆面变色,,514259,"A38,H201,H211,N318,O326,",信息审核,,2017款 1.5T 手动 智能型
北京现代,领动,2020-08-26,北京现代领动ABS故障灯报警时速表跳动,,514258,"E74,E62,H202,",处理反馈,,2016款 1.6L 自动 智炫·精英型
大众（进口）,夏朗,2020-08-26,进口大众夏朗ABS泵损坏导致故障灯亮,,514241,"E74,",信息审核,,2017款 380TSI 旗舰型 7座
北汽昌河,北汽昌河M50S,2020-08-26,北汽昌河M50S发动机无法提速4S店无配件,,514236,"A9,A24,A160,J298,N320,",处理反馈,,2019款 1.4L 商务舱 K14B-F 改款
东风乘用车,风神AX4,2020-08-26,东风风神AX4刹车盘生锈严重要求解决,,514231,"E42,",处理反馈,,2018款 1.6L DCT 潮尚型 天窗版
东风裕隆,优6 SUV,2020-08-26,纳智捷优6 SUV发动机无法提速要求处理,,514224,"A9,A160,L314,",处理反馈,,2015款 2.0T 智尊型
一汽丰田,亚洲龙,2020-08-26,一汽丰田亚洲龙变速箱异响希望厂家处理问题,,514222,"B33,",信息审核,,2019款 2.0L XLE 尊享版 国VI
上汽大众,途岳,2020-08-26,上汽大众途岳后风挡出现裂痕4S店不予解决,,514221,"H113,I295,I281,",处理反馈,,2020款 280TSI 两驱 豪华版 国VI
广汽本田,凌派,2020-08-26,广汽本田凌派左后车窗突然爆裂厂家不保修,,514220,"H113,",处理反馈,,2019款 180Turbo CVT 舒适版 国VI
华晨宝马,宝马5系,2020-08-26,华晨宝马5系天窗B柱异响 底盘转向异响,,514208,"D59,G56,H15,H89,H82,",信息审核,,2020款 530Li 领先型 M运动套装
广汽本田,冠道,2020-08-26,广汽本田冠道发动机启动及过坑洼路面异响,,514202,"A9,",用户评分,,2017款 240TURBO CVT 两驱 精英版
吉利新能源,星越新能源,2020-08-26,吉利星越新能源车机互联功能失效,,514201,"H155,",处理反馈,,2019款 400T 耀星者 纯电动续航56KM
一汽-大众,探岳GTE,2020-08-26,一汽大众探岳GTE充电故障4S店补贴不兑现,,514199,"H340,I295,I293,L313,O353,",处理反馈,,2020款 1.4T 豪华型
东风日产,奇骏,2020-08-26,东风日产奇骏发动机噪音大自动熄火,,514196,"A38,A14,",处理反馈,,2019款 2.0L CVT 智联舒适版 5座 2WD
一汽-大众,速腾,2020-08-26,一汽大众速腾后部悬挂高度低希望厂家处理,,514191,"G204,",处理反馈,,2018款 280TSI DSG熠动版
一汽-大众,CC,2020-08-26,一汽大众CC首保后发动机漏油 4S店不回复,,514187,"A12,I282,",处理反馈,,2020款 330TSI 魅颜版 国V
东风标致,标致508,2020-08-26,东风标致508进气管连接处严重受损,,514186,"H168,",处理反馈,,2015款 1.6THP 自动 致臻版
一汽-大众,高尔夫,2020-08-26,一汽大众高尔夫变速箱故障灯报警要求处理,,514184,"B96,B184,",用户评分,,2016款 1.6L  自动 舒适型
广汽丰田,雷凌,2020-08-26,广汽丰田雷凌转向异响4S店无法解决,,514174,"D59,",处理反馈,,2019款 185T CVT 豪华版 国V
一汽-大众,迈腾,2020-08-26,一汽大众迈腾变速箱漏油希望厂家质保处理,,514168,"B22,",处理反馈,,2019款 280TSI DSG 领先型 国V
御捷新能源,御捷E驰,2020-08-26,御捷E驰动力电池故障导致无法正常行驶,,514167,"H343,",信息审核,,2017款 标准型
东风雷诺,雷诺e诺,2020-08-26,东风雷诺e诺厂家无配件导致无法维修车辆,,514165,"N318,",信息审核,,2019款 e尚型
北京现代,胜达,2020-08-26,北京现代胜达电子手刹抱死无法释放,,514163,"E159,",处理反馈,,2013款 2.0T 自动 四驱 顶级型 TOP
东风启辰,启辰e30,2020-08-26,启辰e30空调制冷效果差维修未解决问题,,514159,"H101,",信息审核,,2020款 精睿版
一汽大众,捷达VS5,2020-08-26,捷达VS5涡轮增压器与车门铰链生锈,,514157,"H79,H109,",处理反馈,,2019款 280TSI 自动 悦享型
东风标致,标致308,2020-08-26,东风标致308变速箱升挡异响希望厂家解决,,514156,"B33,",处理反馈,,2019款 230THP 自动 豪华版 国VI
一汽-大众奥迪,奥迪A4L,2020-08-26,一汽大众奥迪A4L发动机气门弹簧断裂,,514149,"A251,",信息审核,,2016款 2.0T CVT 舒适型 典藏版
一汽大众,捷达VS5,2020-08-26,捷达VS5玲珑轮胎开裂希望厂家处理,,514147,"F100,",处理反馈,,2019款 280TSI 自动 悦享型
上汽集团,名爵3,2020-08-26,上汽名爵3变速箱拨插头断裂希望厂家质保,,514140,"B77,H168,",用户评分,,2013款 1.5L AMT 豪华版
上汽大众,途观L,2020-08-26,上汽大众途观L车顶行李架变形天窗漏水,,514137,"H90,H179,",处理反馈,,2017款 330TSI 两驱 旗舰版
北京现代,悦纳,2020-08-26,北京现代悦纳后保险杠车漆有凹凸感不光滑,,514136,"H81,I295,",处理反馈,,2020款 1.4L 手动 青春版GS
一汽-大众,速腾,2020-08-26,一汽大众速腾行驶过程中天窗和后轮出现异响,,514133,"G125,H89,",用户评分,,2018款 1.6L 自动 舒适型
上汽斯柯达,柯迪亚克GT,2020-08-26,斯柯达柯迪亚克GT方向盘和油门抖动,,514132,"A174,D80,",处理反馈,,2019款 TSI330 两驱 豪华版 国VI
一汽-大众,迈腾,2020-08-26,一汽大众迈腾大灯进水4S店不予解决,,514131,"H88,",处理反馈,,2019款 330TSI DSG 豪华型 国VI
宝沃汽车,宝沃BX5,2020-08-26,宝沃BX5冷车启动有异响希望尽快解决,,514128,"A9,",处理反馈,,2020款 20TGDI 自动 两驱新锐型
一汽-大众奥迪,奥迪Q5L,2020-08-26,一汽大众奥迪Q5L网关不防水设计有隐患,,514127,"Q322,",信息审核,,2020款 40 TFSI 荣享时尚型
华晨宝马,宝马3系,2020-08-26,华晨宝马3系开空调时空气进气格栅异响,,514126,"H15,",信息审核,,2020款 325i M运动套装
北京奔驰,奔驰C级,2020-08-26,北京奔驰C级发动机冷却液温度高,,514123,"A191,J298,",信息审核,,2019款 C 180 L 时尚型
一汽-大众,探岳,2020-08-26,一汽大众探岳座椅晃动异响有安全隐患,,514118,"H164,H169,",用户评分,,2019款 330TSI 两驱 豪华型Plus 国VI
东风日产,逍客,2020-08-26,东风日产逍客发动机抖动故障灯亮要求解决,,514117,"A24,A34,I297,",信息审核,,2016款 2.0L CVT 豪华版
东风标致,标致3008,2020-08-26,东风标致3008蓄电池充电或供电系统故障,,514115,"H110,",处理反馈,,2015款 2.0L 自动 潮流版
华晨宝马,宝马3系,2020-08-26,华晨宝马3系右后尾灯卡扣断裂而且松动,,514112,"H220,",信息审核,,2019款 320i M运动套装
陆风汽车,陆风X7,2020-08-26,陆风X7变速箱挂挡顿挫 有时无法加速,,514111,"B19,B334,B84,",信息审核,,2015款 2.0T 全景尊享版
一汽-大众,宝来,2020-08-26,一汽大众宝来首保后行驶过程中顿挫,,514110,"B19,",处理反馈,,2020款 1.5L 自动 精英型
东风日产,劲客,2020-08-26,东风日产劲客副驾驶玻璃升降功能异常,,514105,"H67,H179,",处理反馈,,2017款 1.5L CVT 智领版
吉利汽车,帝豪GL,2020-08-26,吉利帝豪GL发动机漏油 减震器漏油,,514104,"A12,G25,",用户评分,,2017款 1.3T 自动 精英型
江淮汽车,江淮iEV6E,2020-08-26,江淮iEV6E厂家无法提供DCDC配件进行更换,,514103,"A346,I294,N318,",处理反馈,,2017款 iEV6E
吉利汽车,帝豪GL,2020-08-26,吉利帝豪GL更换离合器泵后抖动气囊故障灯亮,,514100,"C87,H103,",用户评分,,2017款 1.8L 手动 精英型
比亚迪,比亚迪S2,2020-08-26,比亚迪S2行驶中动力电池突然没电要求解决,,514099,"H343,",处理反馈,,2019款 耀·舒适型
东风标致,标致3008,2020-08-26,东风标致3008右前转向球头变形要求解决,,514098,"D57,",处理反馈,,2018款 2.0L 自动 经典版
长城汽车,哈弗M6,2020-08-26,哈弗M6雨刷器无法使用影响行车安全,,514096,"H60,J298,",处理反馈,,2018款 1.5T 手动 两驱 精英型
广汽三菱,欧蓝德,2020-08-26,广汽三菱欧蓝德主驾座椅晃动4S店无法解决,,514095,"H169,I294,J298,",厂家受理,,2018款 2.4L 四驱 精英版 5座
长城汽车,WEY VV5,2020-08-26,WEY VV5变速箱异响发动机共振希望厂家处理,,514085,"A24,B33,B19,D80,",信息审核,,2019款 2.0T 两驱 升级款超豪型 国V
北京现代,领动,2020-08-26,北京现代领动离合器变速箱异响频繁无倒挡,,514081,"B33,B246,C65,",用户评分,,2019款 1.4T 双离合 炫动·活力型
一汽-大众奥迪,奥迪A6L,2020-08-26,一汽大众奥迪A6L新车仪表台开裂,,514080,"H168,M284,",信息审核,,2020款 55 TFSI quattro 尊享动感型
一汽-大众,探岳,2020-08-26,一汽大众探岳大灯亮度低中控台和顶棚异响,,514078,"H164,H93,H82,",处理反馈,,2019款 330TSI 两驱 豪华型 国Ⅵ
一汽-大众奥迪,奥迪A4L,2020-08-26,一汽大众奥迪A4L高速行驶时变速器故障灯亮,,514075,"B96,B84,",信息审核,,2019款 40 TFSI 时尚型 国VI
东风日产,楼兰,2020-08-26,东风日产楼兰油电切换时变速箱顿挫异响,,514074,"A9,B33,B19,",处理反馈,,2017款 2.5T S/C HEV XE 四驱 混动尊尚版
东风标致,标致408,2020-08-26,东风标致408固特异轮胎出现开裂的现象,,514072,"F100,",处理反馈,,2014款 1.8L 自动 豪华版
广汽本田,雅阁,2020-08-26,广汽本田雅阁远光灯无法关闭要求处理,,514071,"H71,",处理反馈,,2006款 2.4 自动 豪华版
丰田（进口）,普拉多（进口）,2020-08-26,进口丰田普拉多发动机号与登记证不一致,,514067,"O353,",信息审核,,2014款 2.7L 自动 豪华版 7座
东风日产,轩逸,2020-08-26,东风日产轩逸变速箱故障4S店维修后未解决,,514065,"B96,B334,J298,",用户评分,,2019款 1.6XL CVT 豪华版 经典
北汽新能源,北汽新能源EX,2020-08-26,北汽新能源EX行驶跑偏 电池续航不准,,514064,"G117,H344,J298,K307,",处理反馈,,2018款 EX360 新尚版
东风本田,本田XR-V,2020-08-26,东风本田XR-V更换电磁阀后加速异响,,514061,"B33,",用户评分,,2017款 1.5L LXi CVT 经典版
东风日产,轩逸,2020-08-26,东风日产轩逸发动机异响 玻璃升降失效,,514060,"A9,H89,H67,H192,",处理反馈,,2012款 1.6L XL CVT 豪华版
长安汽车,长安欧尚CX70,2020-08-26,长安欧尚CX70发动机无法启动希望厂家解决,,514058,"A44,",处理反馈,,2017款 CX70T 1.5T 手动 豪擎版 改款
一汽-大众,探岳,2020-08-26,一汽大众探岳变速箱顿挫升降挡异响,,514051,"B33,B19,",处理反馈,,2020款 280TSI 两驱 豪华智联版
东风日产,奇骏,2020-08-26,东风日产奇骏C柱漏水希望厂家解决处理,,514040,"H109,",用户评分,,2019款 2.0L CVT 智联舒适版 5座 2WD
一汽-大众,速腾,2020-08-26,一汽大众速腾大灯发白亮度低影响行车安全,,514038,"H82,",用户评分,,2019款 280TSI DSG 舒适型 国VI
东风日产,轩逸,2020-08-26,东风日产轩逸机舱内前悬挂塔顶积水生锈,,514036,"H79,",处理反馈,,2019款 1.6XE CVT 舒适版 经典
一汽-大众奥迪,奥迪A6L新能源,2020-08-26,一汽大众奥迪A6L新能源新车发动机漏机油,,514035,"A12,",信息审核,,2020款 55 TFSI e quattro
一汽大众,捷达VS5,2020-08-26,一汽大众捷达VS5变速箱打齿异响,,514033,"B33,",用户评分,,2019款 280TSI 手动 进取型
广汽丰田,凯美瑞,2020-08-25,广汽丰田凯美瑞主动刹车不灵敏 仪表不准确,,514031,"H202,H170,",用户评分,,2019款 2.0G 豪华版 国V
长安汽车,长安CS85 COUPE,2020-08-25,长安CS85 COUPE减震器漏油 车门异响,,514030,"G25,G210,H72,I295,",厂家受理,,2019款 2.0T 自动 品版 国V
众泰汽车,众泰T300,2020-08-25,众泰T300售后服务站不予保修要求解决,,514028,"I297,",信息审核,,2017款 1.5T CVT 尊享型
海马汽车,海马M6,2020-08-25,海马M6车身多处生锈希望厂家处理问题,,514023,"H79,",处理反馈,,2015款 1.5T 手动 豪华型
吉利汽车,帝豪GS,2020-08-25,吉利帝豪GS承诺退订金未兑现希望厂家处理,,514022,"K309,",处理反馈,,2019款 1.4T CVT 雅
广汽丰田,雷凌,2020-08-25,广汽丰田雷凌车身色差严重要求给予处理,,514018,"H201,",处理反馈,,2021款 185T CVT 豪华版
上汽大众,凌渡,2020-08-25,上汽大众凌渡变速箱拖挡顿挫异响严重,,514017,"A9,A35,B33,B19,",处理反馈,,2019款 230TSI DSG 风尚版 国V
北京现代,领动,2020-08-25,北京现代领动行驶中变速箱有拖挡现象,,514011,"B69,",信息审核,,2019款 1.4T 双离合 炫动·活力型
一汽-大众,迈腾,2020-08-25,一汽大众迈腾新车车身漏水要求给予处理,,514002,"H109,",处理反馈,,2020款 330TSI DSG 豪华型
猎豹汽车,Mattu,2020-08-25,猎豹Mattu变速箱无法加速4S店退网无售后,,514001,"B334,O326,",信息审核,,2018款 1.6T GDI DCT 精英型
Jeep（进口）,自由客,2020-08-25,进口Jeep自由客车内异味严重要求厂家解决,,513996,"H185,",厂家受理,,2014款 2.0L CVT 运动增强版 5座
一汽-大众,迈腾,2020-08-25,一汽大众迈腾车内存在刺鼻的异味,,513994,"H185,",处理反馈,,2015款 1.8TSI 豪华型
东风裕隆,优6 SUV,2020-08-25,纳智捷优6 SUV厂家召回却一直没有货,,513992,"N318,",处理反馈,,2015款 1.8T 智尊型
江淮汽车,瑞风S7,2020-08-25,江淮瑞风S7冷车刹车时出现异响,,513987,"E43,",用户评分,,2017款 2.0T 手动 豪华型
东风标致,标致308,2020-08-25,东风标致308方向盘抖动间隙大影响安全,,513977,"D337,",信息审核,,2014款 乐享版 经典 1.6L 自动 优尚型
东风本田,INSPIRE,2020-08-25,东风本田INSPIRE转向异响多次维修未解决,,513976,"D59,",用户评分,,2019款 锐·混动 2.0L 净越版 国V
上汽大众,朗逸,2020-08-25,上汽大众朗逸厂家提供赠送积分活动未兑现,,513975,"L313,",处理反馈,,2019款 1.5L 自动 舒适版 国VI
一汽-大众,高尔夫,2020-08-25,一汽大众高尔夫车内隔音棉异味无法解决,,513969,"H185,",处理反馈,,2015款 1.6L 自动 舒适型
一汽奔腾,奔腾X40,2020-08-25,一汽奔腾X40发动机缸盖维修更换后漏油,,513966,"A12,A24,",处理反馈,,2018款 1.6L 自动 互联智享型 网红版
广汽本田,皓影,2020-08-25,广汽本田皓影底盘下摆臂连接件生锈,,513965,"H79,",处理反馈,,2020款 240TURBO CVT 两驱 豪华版
华晨宝马,宝马X1,2020-08-25,华晨宝马X1维修发动机后出现多种故障,,513964,"J301,J303,",信息审核,,2016款 xDrive20Li 豪华型
猎豹汽车,Mattu,2020-08-25,猎豹Mattu变速箱无法加速 发动机异响,,513963,"A9,B334,",信息审核,,2018款 1.6T GDI DCT 舒适型
吉利汽车,帝豪GL,2020-08-25,吉利帝豪GL车型配置和减少要求厂家尽快处理,,513960,"Q350,",处理反馈,,2020款 1.4T 手动 豪华型
广汽本田,缤智,2020-08-25,广汽本田缤智镀铬装饰条腐蚀氧化严重,,513958,"H79,H81,",处理反馈,,2019款 220 TURBO CVT 豪华版 国VI
上汽大众,朗行,2020-08-25,上汽大众朗行大灯龟裂 空调不制冷,,513957,"H101,H220,",处理反馈,,2017款 1.6L 自动 风尚版
奔驰（进口）,奔驰A级（进口）,2020-08-25,进口奔驰A级仪表提示变速箱故障灯亮,,513955,"B96,B84,",信息审核,,2011款 1.5L  CVT 160
上汽大众,朗逸,2020-08-25,上汽大众朗逸空调漏水漆面生锈严重,,513950,"H79,H101,",用户评分,,2018款 1.5L 自动 舒适版 国V
一汽-大众奥迪,奥迪Q5,2020-08-25,一汽大众奥迪Q5挂D挡时车身有抖动现象,,513949,"H268,",信息审核,,2017款 2.0T 40 TFSI 技术型
北京现代,领动,2020-08-25,北京现代领动发动机螺丝渗油车门锈蚀,,513943,"A12,H79,",处理反馈,,2016款 1.6L 自动 智炫·精英型
一汽丰田,RAV4荣放,2020-08-25,一汽丰田RAV4荣放发动机舱进泥浆,,513940,"Q322,",信息审核,,2020款 2.0L CVT 四驱 风尚版
一汽-大众,速腾,2020-08-25,一汽大众速腾动力不足 换挡顿挫 底盘异响,,513936,"A163,B19,G56,",处理反馈,,2017款 1.6L 自动 舒适型
东风标致,标致408,2020-08-25,东风标致408发动机烧机油希望尽快处理,,513929,"A63,",处理反馈,,2015款 1.2T 自动 豪华版
广汽本田,奥德赛,2020-08-25,广汽本田奥德赛发动机异响VTC执行器损坏,,513925,"A9,",处理反馈,,2015款 2.4L 至尊版 改款
一汽-大众,速腾,2020-08-25,一汽大众速腾韩泰轮胎有裂缝希望厂家处理,,513920,"F100,",处理反馈,,2018款 280TSI DSG熠动版
一汽-大众,探岳,2020-08-25,一汽大众探岳内饰板电镀层爆皮发动机怠速不稳,,513919,"A35,H81,",处理反馈,,2020款 330TSI 两驱 豪华智联版
东风汽车,御风,2020-08-25,东风御风尿素泵故障4S无法提供配件,,513916,"H150,",信息审核,,2020款 2.3T 经济型 标配版 VAN车 短轴 中顶 3座 WP2.3
奇瑞汽车,瑞虎3,2020-08-25,奇瑞瑞虎3车身多处生锈 车内异味严重,,513911,"H79,H185,",处理反馈,,2014款 1.6L 手动 智尚版 5座
北京越野,北京BJ40,2020-08-25,北京BJ40 1600-1900转时油门踏板共振,,513910,"A24,A174,B19,H268,",处理反馈,,2019款 2.3T 自动 四驱 环塔冠军版 国VI
广汽丰田,丰田C-HR,2020-08-25,广汽丰田C-HR漆面起泡 油箱密封圈开裂,,513903,"H81,H168,",处理反馈,,2018款 2.0L 豪华天窗版 国VI
东风日产,劲客,2020-08-25,东风日产劲客前挡风玻璃密封胶严重老化,,513901,"H168,",处理反馈,,2017款 1.5L CVT 智行版
东风启辰,启辰T90,2020-08-25,启辰T90私自拆卸零件补贴未兑现不开发票,,513898,"E29,O353,",信息审核,,2018款 2.0L CVT 智联领尚版 国VI
北汽银翔,幻速S3L,2020-08-25,北汽幻速S3L天窗漏水 经销商无配件,,513897,"H90,N318,",信息审核,,2016款 1.5L 尊贵型
上汽大众,途岳,2020-08-25,上汽大众途岳发动机故障灯多次报警,,513896,"A34,J298,",处理反馈,,2019款 280TSI 两驱 风尚版 国V
东风雪铁龙,C4世嘉,2020-08-25,东风雪铁龙C4世嘉方向盘松动异响 ABS报警,,513895,"D59,D80,E74,",处理反馈,,2016款 1.6L 手动 豪华型
长城汽车,长城C50,2020-08-25,长城C50车身多处生锈发动机烧机油严重,,513894,"A63,G245,H79,H149,",用户评分,,2012款 1.5T 精英型
大众（进口）,途锐,2020-08-25,进口大众途锐发动机气门室盖垫处漏油,,513888,"A12,",信息审核,,2020款 3.0TSI 锐享版 国VI
东风标致,标致308,2020-08-25,东风标致308变速箱顿挫希望尽快处理,,513885,"B19,",处理反馈,,2014款 乐享版 经典 1.6L 自动 优尚型
东风标致,标致2008,2020-08-25,东风标致2008 4S店强制要求购买库存车,,513877,"K325,",处理反馈,,2020款 230THP 风尚天窗版
沃尔沃亚太,沃尔沃S90,2020-08-25,沃尔沃亚太S90车内共振异响希望处理,,513876,"H268,H164,",信息审核,,2020款 T5 智逸豪华版
沃尔沃亚太,沃尔沃S60新能源,2020-08-25,沃尔沃S60新能源空调压缩机故障导致不制冷,,513874,"H101,",信息审核,,2015款 2.0T 智驭版 E驱混动
广汽丰田,汉兰达,2020-08-25,广汽丰田汉兰达低速行驶变速箱顿挫异响,,513872,"B33,B19,",处理反馈,,2018款 2.0T 四驱 尊贵版 7座 国VI
上汽大众,凌渡,2020-08-25,上汽大众凌渡冷车行驶时刹车盘有异响,,513869,"E43,",处理反馈,,2019款 230TSI DSG 视野版 国VI
北京现代,索纳塔九,2020-08-25,北京现代索纳塔九导航黑屏死机要求更换,,513861,"H134,",处理反馈,,2015款 1.6T 双离合 GLS智能型
上汽大众,桑塔纳,2020-08-25,上汽大众桑塔纳发动机运转时噪音大,,513855,"A38,",处理反馈,,2019款 1.5L 手动 风尚版 国VI
北京现代,领动,2020-08-25,北京现代领动变速箱异响失去动力要求处理,,513854,"B33,B334,G117,H79,I295,J298,",处理反馈,,2019款 1.4T 双离合 炫动·活力型
广汽本田,飞度,2020-08-25,广汽本田飞度起动机故障导致启动困难,,513850,"A44,",处理反馈,,2014款 1.5L CVT LX舒适型
广汽菲克菲亚特,致悦,2020-08-25,广汽菲亚特致悦行驶中变速箱失去动力,,513849,"B334,",厂家受理,,2014款 1.4T 自动 舒适型
吉利汽车,帝豪GL,2020-08-25,吉利帝豪GL下雨天前车门无法解锁 把手掉漆,,513845,"H81,H68,H103,H197,",处理反馈,,2017款 1.8L 手动 精英型
一汽大众,捷达VS5,2020-08-25,捷达VS5玲珑轮胎开裂存在质量问题,,513842,"F100,",处理反馈,,2019款 280TSI 自动 进取型
北京现代,悦动,2020-08-25,北京现代悦动发动机出现启动困难,,513841,"A44,",处理反馈,,2018款 1.6L 自动 悦目版 GL 国VI
东风日产,逍客,2020-08-25,东风日产逍客行驶中变速箱顿挫4S店不予保修,,513840,"B19,I297,",处理反馈,,2017款 2.0L CVT 精英版 国V
广汽讴歌,讴歌CDX,2020-08-25,广汽讴歌CDX加速时动力电池异味要求解决,,513838,"Q322,",用户评分,,2018款 2.0L 两驱 创享版 Hybrid
广汽丰田,汉兰达,2020-08-25,广汽丰田汉兰达挡把掉皮 挂挡时挡杆处异响,,513835,"B184,H179,",用户评分,,2018款 2.0T 四驱 豪华版 7座 国V
北京现代,领动,2020-08-25,北京现代领动跑高速时岀现方向卡滞,,513831,"D123,",处理反馈,,2016款 1.6L 自动 智炫·精英型
东风标致,标致4008,2020-08-25,东风标致4008续保押金到期不退还,,513830,"K309,",用户评分,,2019款 400THP 尝先版
东风日产,奇骏,2020-08-25,东风日产奇骏行驶中刹车过硬刹车失灵,,513824,"E29,E333,",处理反馈,,2014款 2.0L XL CVT 两驱 舒适版
一汽-大众,高尔夫,2020-08-25,一汽大众高尔夫变速箱故障 离合器飞轮损坏,,513823,"B96,C17,",处理反馈,,2011款 1.6 自动 舒适型
